"ensgene","moduleMembership","GS.trait","symbol","chr","description","moduleName"
"ENSMUSG00000000184",0.941419329425014,-0.582375620663947,"Ccnd2","6","cyclin D2","brown"
"ENSMUSG00000000247",0.856869893537106,-0.54706014311887,"Lhx2","2","LIM homeobox protein 2","brown"
"ENSMUSG00000000489",0.879001453634995,-0.535998519200516,"Pdgfb","15","platelet derived growth factor, B polypeptide","brown"
"ENSMUSG00000000560",0.911185055112947,-0.626417506981114,"Gabra2","5","gamma-aminobutyric acid (GABA) A receptor, subunit alpha 2","brown"
"ENSMUSG00000000805",0.842416108187464,-0.475703807394666,"Car4","11","carbonic anhydrase 4","brown"
"ENSMUSG00000000881",0.832607397338583,-0.599661858288936,"Dlg3","X","discs large MAGUK scaffold protein 3","brown"
"ENSMUSG00000001506",0.823070133859624,-0.428491043213672,"Col1a1","11","collagen, type I, alpha 1","brown"
"ENSMUSG00000001763",0.927860948034672,-0.580058072864423,"Tspan33","6","tetraspanin 33","brown"
"ENSMUSG00000001986",0.862188708299896,-0.494788636797242,"Gria3","X","glutamate receptor, ionotropic, AMPA3 (alpha 3)","brown"
"ENSMUSG00000002107",0.81841768966965,-0.554806649343957,"Celf2","2","CUGBP, Elav-like family member 2","brown"
"ENSMUSG00000002489",0.896723987581056,-0.583564943622413,"Tiam1","16","T cell lymphoma invasion and metastasis 1","brown"
"ENSMUSG00000002900",0.802451329308652,-0.667220673345755,"Lamb1","12","laminin B1","brown"
"ENSMUSG00000003279",0.91195656392198,-0.682788561538706,"Dlgap1","17","DLG associated protein 1","brown"
"ENSMUSG00000003469",0.811477475651346,-0.400855379644124,"Phyhip","14","phytanoyl-CoA hydroxylase interacting protein","brown"
"ENSMUSG00000003545",0.819489526086476,-0.475722256936596,"Fosb","7","FBJ osteosarcoma oncogene B","brown"
"ENSMUSG00000003934",0.809932097107431,-0.461252943398279,"Efnb3","11","ephrin B3","brown"
"ENSMUSG00000004031",0.851359424646265,-0.632422575608575,"Brinp2","1","bone morphogenic protein/retinoic acid inducible neural-specific 2","brown"
"ENSMUSG00000004110",0.8329613629072,-0.541958822361025,"Cacna1e","1","calcium channel, voltage-dependent, R type, alpha 1E subunit","brown"
"ENSMUSG00000005506",0.842364553550821,-0.398977399374696,"Celf1","2","CUGBP, Elav-like family member 1","brown"
"ENSMUSG00000005533",0.841905100112415,-0.472539683025977,"Igf1r","7","insulin-like growth factor I receptor","brown"
"ENSMUSG00000005583",0.865053401468797,-0.579470155569609,"Mef2c","13","myocyte enhancer factor 2C","brown"
"ENSMUSG00000006435",0.923171986883429,-0.493730830323593,"Neurl1a","19","neuralized E3 ubiquitin protein ligase 1A","brown"
"ENSMUSG00000006476",0.910396456790193,-0.430529866129718,"Nsmf","2","NMDA receptor synaptonuclear signaling and neuronal migration factor","brown"
"ENSMUSG00000006494",0.846806741945072,-0.583877900371513,"Pdk1","2","pyruvate dehydrogenase kinase, isoenzyme 1","brown"
"ENSMUSG00000006958",0.800146612099615,-0.424602107660965,"Chrd","16","chordin","brown"
"ENSMUSG00000007989",0.852437546467,-0.5203799446367,"Fzd3","14","frizzled class receptor 3","brown"
"ENSMUSG00000008475",0.81691186414663,-0.520065354554904,"Arpc5","1","actin related protein 2/3 complex, subunit 5","brown"
"ENSMUSG00000008575",0.908755790309758,-0.517576511087915,"Nfib","4","nuclear factor I/B","brown"
"ENSMUSG00000009569",0.804408170842607,-0.607389851096147,"Mrtfb","16","myocardin related transcription factor B","brown"
"ENSMUSG00000014164",0.85815391860815,-0.621038834380076,"Klhl3","13","kelch-like 3","brown"
"ENSMUSG00000015143",0.908618193955578,-0.603019781251153,"Actn1","12","actinin, alpha 1","brown"
"ENSMUSG00000015568",0.889280729540583,-0.572467080070172,"Lpl","8","lipoprotein lipase","brown"
"ENSMUSG00000015882",0.835381558309149,-0.576338091868555,"Lcorl","5","ligand dependent nuclear receptor corepressor-like","brown"
"ENSMUSG00000017493",0.867776088346832,-0.396538716362604,"Igfbp4","11","insulin-like growth factor binding protein 4","brown"
"ENSMUSG00000017631",0.914857731058359,-0.610377735261954,"Abr","11","active BCR-related gene","brown"
"ENSMUSG00000019726",0.85531615573913,-0.489708137608501,"Lyst","13","lysosomal trafficking regulator","brown"
"ENSMUSG00000019772",0.829307443601927,-0.671130486795219,"Vip","10","vasoactive intestinal polypeptide","brown"
"ENSMUSG00000019831",0.868282528018229,-0.542606628378531,"Wasf1","10","WASP family, member 1","brown"
"ENSMUSG00000020015",0.908788212818985,-0.619904713858696,"Cdk17","10","cyclin-dependent kinase 17","brown"
"ENSMUSG00000020061",0.906372684149778,-0.603872126651322,"Mybpc1","10","myosin binding protein C, slow-type","brown"
"ENSMUSG00000020134",0.876913869854235,-0.600976966439264,"Peli1","11","pellino 1","brown"
"ENSMUSG00000020656",0.863820821791111,-0.559467495645796,"Grhl1","12","grainyhead like transcription factor 1","brown"
"ENSMUSG00000020848",0.869760852293733,-0.473706537750787,"Doc2b","11","double C2, beta","brown"
"ENSMUSG00000020892",0.877890112096809,-0.519937240966619,"Aloxe3","11","arachidonate lipoxygenase 3","brown"
"ENSMUSG00000021071",0.819655719283824,-0.492153793763506,"Trim9","12","tripartite motif-containing 9","brown"
"ENSMUSG00000021373",0.857785854602698,-0.63407810657546,"Cap2","13","CAP, adenylate cyclase-associated protein, 2 (yeast)","brown"
"ENSMUSG00000021541",0.802889414680443,-0.484925740157345,"Trpc7","13","transient receptor potential cation channel, subfamily C, member 7","brown"
"ENSMUSG00000021559",0.863521785733646,-0.664696835528411,"Dapk1","13","death associated protein kinase 1","brown"
"ENSMUSG00000021680",0.819843029875353,-0.401455949983891,"Crhbp","13","corticotropin releasing hormone binding protein","brown"
"ENSMUSG00000021743",0.803070214362832,-0.48202937506876,"Fezf2","14","Fez family zinc finger 2","brown"
"ENSMUSG00000021779",0.918182486779342,-0.489228062209359,"Thrb","14","thyroid hormone receptor beta","brown"
"ENSMUSG00000022010",0.845246080768405,-0.590040213575716,"Tsc22d1","14","TSC22 domain family, member 1","brown"
"ENSMUSG00000022180",0.856692617084107,-0.459624657425454,"Slc7a8","14","solute carrier family 7 (cationic amino acid transporter, y+ system), member 8","brown"
"ENSMUSG00000022206",0.815395584713182,-0.432555735957863,"Npr3","15","natriuretic peptide receptor 3","brown"
"ENSMUSG00000022208",0.815028662068112,-0.501437272592843,"Jph4","14","junctophilin 4","brown"
"ENSMUSG00000022306",0.88515506006757,-0.610035398589036,"Zfpm2","15","zinc finger protein, multitype 2","brown"
"ENSMUSG00000022421",0.870385880664847,-0.519289893410347,"Nptxr","15","neuronal pentraxin receptor","brown"
"ENSMUSG00000022454",0.919079237298838,-0.593802408347308,"Nell2","15","NEL-like 2","brown"
"ENSMUSG00000022696",0.817267887703863,-0.515580126436121,"Sidt1","16","SID1 transmembrane family, member 1","brown"
"ENSMUSG00000022708",0.845360326751,-0.428113329770163,"Zbtb20","16","zinc finger and BTB domain containing 20","brown"
"ENSMUSG00000022788",0.802710648295472,-0.588810336026217,"Fgd4","16","FYVE, RhoGEF and PH domain containing 4","brown"
"ENSMUSG00000022836",0.872372000843171,-0.489641290968316,"Mylk","16","myosin, light polypeptide kinase","brown"
"ENSMUSG00000022861",0.947606652590991,-0.650253906717135,"Dgkg","16","diacylglycerol kinase, gamma","brown"
"ENSMUSG00000024109",0.918318838933674,-0.575633369506907,"Nrxn1","17","neurexin I","brown"
"ENSMUSG00000024456",0.873026756688188,-0.458175856949072,"Diaph1","18","diaphanous related formin 1","brown"
"ENSMUSG00000024479",0.904289045771059,-0.528779381233891,"Mal2","15","mal, T cell differentiation protein 2","brown"
"ENSMUSG00000024589",0.816327193242664,-0.515662636875041,"Nedd4l","18","neural precursor cell expressed, developmentally down-regulated gene 4-like","brown"
"ENSMUSG00000024617",0.930437295223615,-0.615400624717294,"Camk2a","18","calcium/calmodulin-dependent protein kinase II alpha","brown"
"ENSMUSG00000024867",0.842500501873442,-0.638988668586813,"Pip5k1b","19","phosphatidylinositol-4-phosphate 5-kinase, type 1 beta","brown"
"ENSMUSG00000024883",0.930662744495069,-0.575404062788079,"Rin1","19","Ras and Rab interactor 1","brown"
"ENSMUSG00000025170",0.931797405415276,-0.676581531658492,"Rab40b","11","Rab40B, member RAS oncogene family","brown"
"ENSMUSG00000025372",0.899266658014227,-0.647088220809793,"Baiap2","11","brain-specific angiogenesis inhibitor 1-associated protein 2","brown"
"ENSMUSG00000025427",0.906491556143343,-0.575061580445843,"Rnf165","18","ring finger protein 165","brown"
"ENSMUSG00000025571",0.835101670664721,-0.525864279780854,"Tnrc6c","11","trinucleotide repeat containing 6C","brown"
"ENSMUSG00000025582",0.911951439066254,-0.547198176333929,"Nptx1","11","neuronal pentraxin 1","brown"
"ENSMUSG00000025790",0.911217642288382,-0.624398174613225,"Slco3a1","7","solute carrier organic anion transporter family, member 3a1","brown"
"ENSMUSG00000025876",0.868540272792901,-0.522596071610244,"Unc5a","13","unc-5 netrin receptor A","brown"
"ENSMUSG00000025932",0.801455622911346,-0.736669249634929,"Eya1","1","EYA transcriptional coactivator and phosphatase 1","brown"
"ENSMUSG00000026223",0.804587302818104,-0.464018583223403,"Itm2c","1","integral membrane protein 2C","brown"
"ENSMUSG00000026443",0.843249212328064,-0.451821035100622,"Lrrn2","1","leucine rich repeat protein 2, neuronal","brown"
"ENSMUSG00000026571",0.859170889782825,-0.524434465805719,"Dcaf6","1","DDB1 and CUL4 associated factor 6","brown"
"ENSMUSG00000026824",0.90144248918489,-0.611433623206061,"Kcnj3","2","potassium inwardly-rectifying channel, subfamily J, member 3","brown"
"ENSMUSG00000026826",0.819775718248526,-0.588199549101918,"Nr4a2","2","nuclear receptor subfamily 4, group A, member 2","brown"
"ENSMUSG00000026827",0.825528756198923,-0.468056477596966,"Gpd2","2","glycerol phosphate dehydrogenase 2, mitochondrial","brown"
"ENSMUSG00000026834",0.814017748073575,-0.586274692816288,"Acvr1c","2","activin A receptor, type IC","brown"
"ENSMUSG00000027296",0.923912839232531,-0.559261037488904,"Itpka","2","inositol 1,4,5-trisphosphate 3-kinase A","brown"
"ENSMUSG00000027367",0.807316951329181,-0.545591858353466,"Stard7","2","START domain containing 7","brown"
"ENSMUSG00000027419",0.826594702822741,-0.555459308956054,"Pcsk2","2","proprotein convertase subtilisin/kexin type 2","brown"
"ENSMUSG00000027777",0.826171807699116,-0.505825777090865,"Schip1","3","schwannomin interacting protein 1","brown"
"ENSMUSG00000027782",0.808742664502599,-0.611923988610369,"Kpna4","3","karyopherin (importin) alpha 4","brown"
"ENSMUSG00000028126",0.845082719841321,-0.652032288928439,"Pip5k1a","3","phosphatidylinositol-4-phosphate 5-kinase, type 1 alpha","brown"
"ENSMUSG00000028161",0.883183915152947,-0.647605046699194,"Ppp3ca","3","protein phosphatase 3, catalytic subunit, alpha isoform","brown"
"ENSMUSG00000028176",0.828577738580245,-0.527100617708254,"Lrrc7","3","leucine rich repeat containing 7","brown"
"ENSMUSG00000028222",0.85245348954093,-0.43367929957387,"Calb1","4","calbindin 1","brown"
"ENSMUSG00000028341",0.882788281400244,-0.558301488465311,"Nr4a3","4","nuclear receptor subfamily 4, group A, member 3","brown"
"ENSMUSG00000028402",0.803410594900767,-0.340563679962108,"Mpdz","4","multiple PDZ domain crumbs cell polarity complex component","brown"
"ENSMUSG00000028630",0.916216877034472,-0.512145788593619,"Dyrk2","10","dual-specificity tyrosine-(Y)-phosphorylation regulated kinase 2","brown"
"ENSMUSG00000028804",0.812113206965104,-0.487813448179668,"Csmd2","4","CUB and Sushi multiple domains 2","brown"
"ENSMUSG00000028944",0.806182379544506,-0.356641193049988,"Prkag2","5","protein kinase, AMP-activated, gamma 2 non-catalytic subunit","brown"
"ENSMUSG00000029050",0.840810307163833,-0.415669769458024,"Ski","4","ski sarcoma viral oncogene homolog (avian)","brown"
"ENSMUSG00000029121",0.810318333116941,-0.455400351128595,"Crmp1","5","collapsin response mediator protein 1","brown"
"ENSMUSG00000029392",0.863157681717904,-0.450329610209992,"Rilpl1","5","Rab interacting lysosomal protein-like 1","brown"
"ENSMUSG00000029406",0.93648620375853,-0.542973788733823,"Pitpnm2","5","phosphatidylinositol transfer protein, membrane-associated 2","brown"
"ENSMUSG00000029471",0.840454607128634,-0.560794182959639,"Camkk2","5","calcium/calmodulin-dependent protein kinase kinase 2, beta","brown"
"ENSMUSG00000029673",0.925625848776689,-0.621922180921142,"Auts2","5","autism susceptibility candidate 2","brown"
"ENSMUSG00000029840",0.857908697860819,-0.675765148626469,"Mtpn","6","myotrophin","brown"
"ENSMUSG00000030134",0.904038480095095,-0.578108753138633,"Rasgef1a","6","RasGEF domain family, member 1A","brown"
"ENSMUSG00000030209",0.968829398480116,-0.62280105709626,"Grin2b","6","glutamate receptor, ionotropic, NMDA2B (epsilon 2)","brown"
"ENSMUSG00000030465",0.887628402085936,-0.525328426959066,"Psd3","8","pleckstrin and Sec7 domain containing 3","brown"
"ENSMUSG00000030772",0.863328559067947,-0.602879563433425,"Dkk3","7","dickkopf WNT signaling pathway inhibitor 3","brown"
"ENSMUSG00000030905",0.877159749196395,-0.578692458943551,"Crym","7","crystallin, mu","brown"
"ENSMUSG00000031119",0.882230459548842,-0.503738377002033,"Gpc4","X","glypican 4","brown"
"ENSMUSG00000031292",0.809186540915111,-0.610899529845193,"Cdkl5","X","cyclin-dependent kinase-like 5","brown"
"ENSMUSG00000031626",0.930271078634537,-0.625815726183232,"Sorbs2","8","sorbin and SH3 domain containing 2","brown"
"ENSMUSG00000031833",0.879695131019929,-0.642618360206398,"Mast3","8","microtubule associated serine/threonine kinase 3","brown"
"ENSMUSG00000031864",0.813455234985346,-0.615710315927631,"Ints10","8","integrator complex subunit 10","brown"
"ENSMUSG00000032012",0.885361582813775,-0.440932516502708,"Nectin1","9","nectin cell adhesion molecule 1","brown"
"ENSMUSG00000032076",0.81599354897277,-0.494575191697247,"Cadm1","9","cell adhesion molecule 1","brown"
"ENSMUSG00000032120",0.906777321276193,-0.580922202093465,"C2cd2l","9","C2 calcium-dependent domain containing 2-like","brown"
"ENSMUSG00000032174",0.947883898631827,-0.656297372290879,"Icam5","9","intercellular adhesion molecule 5, telencephalin","brown"
"ENSMUSG00000032373",0.850530051456971,-0.553360595468321,"Car12","9","carbonic anhydrase 12","brown"
"ENSMUSG00000032384",0.840392631500514,-0.544325339084204,"Csnk1g1","9","casein kinase 1, gamma 1","brown"
"ENSMUSG00000032402",0.886954395226103,-0.507873210247352,"Smad3","9","SMAD family member 3","brown"
"ENSMUSG00000032500",0.809253706221246,-0.536265567894591,"Dclk3","9","doublecortin-like kinase 3","brown"
"ENSMUSG00000032589",0.802140264984079,-0.535095026848634,"Bsn","9","bassoon","brown"
"ENSMUSG00000032705",0.860544922056697,-0.616758905541751,"Exd2","12","exonuclease 3'-5' domain containing 2","brown"
"ENSMUSG00000032936",0.81058053266611,-0.530788016247703,"Camkv","9","CaM kinase-like vesicle-associated","brown"
"ENSMUSG00000032966",0.84212815468315,-0.595820353009546,"Fkbp1a","2","FK506 binding protein 1a","brown"
"ENSMUSG00000033060",0.872816395237752,-0.604740326922789,"Lmo7","14","LIM domain only 7","brown"
"ENSMUSG00000033377",0.800557787448621,-0.562884318306255,"Palmd","3","palmdelphin","brown"
"ENSMUSG00000033594",0.87988730196673,-0.535352905791664,"Spata2l","8","spermatogenesis associated 2-like","brown"
"ENSMUSG00000033676",0.802463626685692,-0.64245962645787,"Gabrb3","7","gamma-aminobutyric acid (GABA) A receptor, subunit beta 3","brown"
"ENSMUSG00000033726",0.812649245484646,-0.639140732403268,"Emx1","6","empty spiracles homeobox 1","brown"
"ENSMUSG00000033730",0.874396679719213,-0.622258863120232,"Egr3","14","early growth response 3","brown"
"ENSMUSG00000033953",0.805585989335934,-0.663955009873859,"Ppp3r1","11","protein phosphatase 3, regulatory subunit B, alpha isoform (calcineurin B, type I)","brown"
"ENSMUSG00000033965",0.885024395361954,-0.551134074929968,"Slc16a2","X","solute carrier family 16 (monocarboxylic acid transporters), member 2","brown"
"ENSMUSG00000034413",0.897345717900373,-0.586135414436244,"Neurl1b","17","neuralized E3 ubiquitin protein ligase 1B","brown"
"ENSMUSG00000034675",0.900916383870994,-0.506328261015669,"Dbn1","13","drebrin 1","brown"
"ENSMUSG00000034818",0.846183783143632,-0.518211590131048,"Celf5","10","CUGBP, Elav-like family member 5","brown"
"ENSMUSG00000035397",0.802681692082774,-0.500131696884831,"Klf16","10","Kruppel-like factor 16","brown"
"ENSMUSG00000035566",0.933163441509539,-0.524991641165238,"Pcdh17","14","protocadherin 17","brown"
"ENSMUSG00000035847",0.818686851419086,-0.507772846265174,"Ids","X","iduronate 2-sulfatase","brown"
"ENSMUSG00000035954",0.92243530470669,-0.511275279442993,"Dock4","12","dedicator of cytokinesis 4","brown"
"ENSMUSG00000036304",0.89384646576227,-0.45442990104353,"Zdhhc23","16","zinc finger, DHHC domain containing 23","brown"
"ENSMUSG00000036452",0.82757262783609,-0.496676715164526,"Arhgap26","18","Rho GTPase activating protein 26","brown"
"ENSMUSG00000036698",0.847289451595879,-0.585735286513022,"Ago2","15","argonaute RISC catalytic subunit 2","brown"
"ENSMUSG00000036882",0.823713075361756,-0.547937923602987,"Arhgap33","7","Rho GTPase activating protein 33","brown"
"ENSMUSG00000037362",0.808380308075132,-0.514393742336454,"Ccn3","15","cellular communication network factor 3","brown"
"ENSMUSG00000037474",0.815145654899596,-0.585680625740657,"Dtl","1","denticleless E3 ubiquitin protein ligase","brown"
"ENSMUSG00000037541",0.833077331452476,-0.574818024285171,"Shank2","7","SH3 and multiple ankyrin repeat domains 2","brown"
"ENSMUSG00000037868",0.80852667863451,-0.376195521247643,"Egr2","10","early growth response 2","brown"
"ENSMUSG00000038026",0.817431507299365,-0.494232459127015,"Kcnj9","1","potassium inwardly-rectifying channel, subfamily J, member 9","brown"
"ENSMUSG00000038244",0.882229300695474,-0.561415215174548,"Mical2","7","microtubule associated monooxygenase, calponin and LIM domain containing 2","brown"
"ENSMUSG00000038248",0.914308014646816,-0.555767344264634,"Sobp","10","sine oculis binding protein","brown"
"ENSMUSG00000038760",0.834650981529397,-0.56336457937529,"Trhr","15","thyrotropin releasing hormone receptor","brown"
"ENSMUSG00000038807",0.912857116503001,-0.503907157677776,"Rap1gap2","11","RAP1 GTPase activating protein 2","brown"
"ENSMUSG00000038894",0.824643325330677,-0.506790157801889,"Irs2","8","insulin receptor substrate 2","brown"
"ENSMUSG00000039058",0.948960278917701,-0.617369765897647,"Ak5","3","adenylate kinase 5","brown"
"ENSMUSG00000039087",0.855651099904967,-0.635422228076628,"Rreb1","13","ras responsive element binding protein 1","brown"
"ENSMUSG00000039458",0.854467396492754,-0.653384289599284,"Mtmr12","15","myotubularin related protein 12","brown"
"ENSMUSG00000039835",0.847450907533783,-0.479080196257073,"Nhsl1","10","NHS-like 1","brown"
"ENSMUSG00000040037",0.842856277723211,-0.635459214630884,"Negr1","3","neuronal growth regulator 1","brown"
"ENSMUSG00000040118",0.88862392416295,-0.561338515903483,"Cacna2d1","5","calcium channel, voltage-dependent, alpha2/delta subunit 1","brown"
"ENSMUSG00000040164",0.894709635152312,-0.559650225004213,"Kcns1","2","K+ voltage-gated channel, subfamily S, 1","brown"
"ENSMUSG00000040563",0.873352957562876,-0.489291084281525,"Plppr2","9","phospholipid phosphatase related 2","brown"
"ENSMUSG00000040612",0.930939102323997,-0.57297793492408,"Ildr2","1","immunoglobulin-like domain containing receptor 2","brown"
"ENSMUSG00000040640",0.84285266980346,-0.523439197982671,"Erc2","14","ELKS/RAB6-interacting/CAST family member 2","brown"
"ENSMUSG00000040929",0.936230446558498,-0.64120584804758,"Rfx3","19","regulatory factor X, 3 (influences HLA class II expression)","brown"
"ENSMUSG00000041703",0.935652719246321,-0.649998089553442,"Zic5","14","zinc finger protein of the cerebellum 5","brown"
"ENSMUSG00000041836",0.92447035050639,-0.600187109199489,"Ptpre","7","protein tyrosine phosphatase, receptor type, E","brown"
"ENSMUSG00000042249",0.867161414614647,-0.592795878933947,"Grk3","5","G protein-coupled receptor kinase 3","brown"
"ENSMUSG00000043668",0.860922733459535,-0.592727805291098,"Tox3","8","TOX high mobility group box family member 3","brown"
"ENSMUSG00000044067",0.829188350824085,-0.441617338955699,"Gpr22","12","G protein-coupled receptor 22","brown"
"ENSMUSG00000044167",0.806328533734382,-0.410045614530912,"Foxo1","3","forkhead box O1","brown"
"ENSMUSG00000044216",0.82359375745674,-0.577809816128249,"Kcnj4","15","potassium inwardly-rectifying channel, subfamily J, member 4","brown"
"ENSMUSG00000044352",0.912281725871265,-0.601919338191421,"Sowaha","11","sosondowah ankyrin repeat domain family member A","brown"
"ENSMUSG00000044629",0.821619310410835,-0.656254514836784,"Cnrip1","11","cannabinoid receptor interacting protein 1","brown"
"ENSMUSG00000044667",0.914652426694326,-0.673163210651508,"Plppr4","3","phospholipid phosphatase related 4","brown"
"ENSMUSG00000044707",0.830062316771573,-0.42718863241132,"Ccnjl","11","cyclin J-like","brown"
"ENSMUSG00000044912",0.901417057364082,-0.588111025549767,"Syt16","12","synaptotagmin XVI","brown"
"ENSMUSG00000045038",0.908305239168773,-0.713193477392863,"Prkce","17","protein kinase C, epsilon","brown"
"ENSMUSG00000045333",0.864422626425499,-0.526826979867406,"Zfp423","8","zinc finger protein 423","brown"
"ENSMUSG00000045969",0.83040142818419,-0.515747217221138,"Ing1","8","inhibitor of growth family, member 1","brown"
"ENSMUSG00000046093",0.805247873255728,-0.504759897564955,"Hpcal4","4","hippocalcin-like 4","brown"
"ENSMUSG00000046523",0.92425798249969,-0.557478069337713,"Kctd4","14","potassium channel tetramerisation domain containing 4","brown"
"ENSMUSG00000046607",0.873443090919077,-0.52925206332335,"Hrk","5","harakiri, BCL2 interacting protein (contains only BH3 domain)","brown"
"ENSMUSG00000047205",0.932504717563229,-0.662706392053724,"Dusp18","11","dual specificity phosphatase 18","brown"
"ENSMUSG00000047495",0.802239035904951,-0.55547398656568,"Dlgap2","8","DLG associated protein 2","brown"
"ENSMUSG00000048482",0.834773761064749,-0.672963375142144,"Bdnf","2","brain derived neurotrophic factor","brown"
"ENSMUSG00000048490",0.853325518241902,-0.532297156429327,"Nrip1","16","nuclear receptor interacting protein 1","brown"
"ENSMUSG00000048644",0.832559489332722,-0.588109211198173,"Ctxn1","8","cortexin 1","brown"
"ENSMUSG00000048701",0.813541291248767,-0.456941705169225,"Ccdc6","10","coiled-coil domain containing 6","brown"
"ENSMUSG00000049583",0.836091177753288,-0.662766539550729,"Grm5","7","glutamate receptor, metabotropic 5","brown"
"ENSMUSG00000049872",0.804806893032985,-0.514854150899231,"Calhm5","10","calcium homeostasis modulator family member 5","brown"
"ENSMUSG00000049892",0.80415225697896,-0.621851326620665,"Rasd1","11","RAS, dexamethasone-induced 1","brown"
"ENSMUSG00000050074",0.833357632571353,-0.450772817387975,"Spink8","9","serine peptidase inhibitor, Kazal type 8","brown"
"ENSMUSG00000050164",0.855343379355334,-0.675997010314727,"Mchr1","15","melanin-concentrating hormone receptor 1","brown"
"ENSMUSG00000050505",0.81996151511487,-0.512216241934299,"Pcdh20","14","protocadherin 20","brown"
"ENSMUSG00000050821",0.93453013690756,-0.478816045017908,"Fam131a","16","family with sequence similarity 131, member A","brown"
"ENSMUSG00000050967",0.827812001606662,-0.607829005210707,"Creg2","1","cellular repressor of E1A-stimulated genes 2","brown"
"ENSMUSG00000051331",0.909672435946915,-0.582228145355067,"Cacna1c","6","calcium channel, voltage-dependent, L type, alpha 1C subunit","brown"
"ENSMUSG00000052087",0.803203817542831,-0.526440915524829,"Rgs14","13","regulator of G-protein signaling 14","brown"
"ENSMUSG00000052155",0.853089462628974,-0.507897534573891,"Acvr2a","2","activin receptor IIA","brown"
"ENSMUSG00000053963",0.859332026168509,-0.404485085536952,"Stum","1","mechanosensory transduction mediator","brown"
"ENSMUSG00000055435",0.854704090764971,-0.432126161383696,"Maf","8","avian musculoaponeurotic fibrosarcoma oncogene homolog","brown"
"ENSMUSG00000056069",0.815412559667771,-0.50131040767518,"Otulinl","15","OTU deubiquitinase with linear linkage specificity like","brown"
"ENSMUSG00000056211",0.812153100896922,-0.578493915134814,"R3hdm1","1","R3H domain containing 1","brown"
"ENSMUSG00000057715",0.898828723961934,-0.677288578514938,"A830018L16Rik","1","RIKEN cDNA A830018L16 gene","brown"
"ENSMUSG00000058589",0.845757634590642,-0.629660113043675,"Anks1b","10","ankyrin repeat and sterile alpha motif domain containing 1B","brown"
"ENSMUSG00000058624",0.902662633887834,-0.637444018996689,"Gda","19","guanine deaminase","brown"
"ENSMUSG00000058756",0.933307163723071,-0.525111245390101,"Thra","11","thyroid hormone receptor alpha","brown"
"ENSMUSG00000059003",0.924245897347603,-0.626315510091515,"Grin2a","16","glutamate receptor, ionotropic, NMDA2A (epsilon 1)","brown"
"ENSMUSG00000059187",0.827838382709142,-0.44752916312567,"Tafa1","6","TAFA chemokine like family member 1","brown"
"ENSMUSG00000059213",0.932642711549085,-0.593284394687898,"Ddn","15","dendrin","brown"
"ENSMUSG00000059456",0.862812625192631,-0.617901625851409,"Ptk2b","14","PTK2 protein tyrosine kinase 2 beta","brown"
"ENSMUSG00000059970",0.917475892885548,-0.523093451624835,"Hspa2","12","heat shock protein 2","brown"
"ENSMUSG00000061080",0.830469326129961,-0.503069318822519,"Lsamp","16","limbic system-associated membrane protein","brown"
"ENSMUSG00000061524",0.849149580236631,-0.546193106816779,"Zic2","14","zinc finger protein of the cerebellum 2","brown"
"ENSMUSG00000063142",0.927196500439482,-0.542878745377256,"Kcnma1","14","potassium large conductance calcium-activated channel, subfamily M, alpha member 1","brown"
"ENSMUSG00000063160",0.856494343808906,-0.642452666520227,"Numbl","7","numb-like","brown"
"ENSMUSG00000063229",0.816214603245551,-0.560545274265401,"Ldha","7","lactate dehydrogenase A","brown"
"ENSMUSG00000063358",0.938520904375315,-0.621604850620607,"Mapk1","16","mitogen-activated protein kinase 1","brown"
"ENSMUSG00000063626",0.80610347369863,-0.539410168139763,"Unc5d","8","unc-5 netrin receptor D","brown"
"ENSMUSG00000063760",0.833253047254085,-0.601591543860653,"Rnf217","10","ring finger protein 217","brown"
"ENSMUSG00000063887",0.835601247342905,-0.408821151140553,"Nlgn1","3","neuroligin 1","brown"
"ENSMUSG00000064225",0.8002936193461,-0.637634746754995,"Paqr9","9","progestin and adipoQ receptor family member IX","brown"
"ENSMUSG00000065954",0.833008938019784,-0.391658651242829,"Tacc1","8","transforming, acidic coiled-coil containing protein 1","brown"
"ENSMUSG00000067242",0.80093732072498,-0.605844686735621,"Lgi1","19","leucine-rich repeat LGI family, member 1","brown"
"ENSMUSG00000068617",0.831696219735071,-0.498593064312646,"Efcab1","16","EF-hand calcium binding domain 1","brown"
"ENSMUSG00000069171",0.843524433175632,-0.509499654669292,"Nr2f1","13","nuclear receptor subfamily 2, group F, member 1","brown"
"ENSMUSG00000069227",0.845937009841071,-0.443476318618697,"Gprin1","13","G protein-regulated inducer of neurite outgrowth 1","brown"
"ENSMUSG00000070565",0.817561076542263,-0.586597051411736,"Rasal2","1","RAS protein activator like 2","brown"
"ENSMUSG00000070867",0.853596224243602,-0.504932442863972,"Trabd2b","4","TraB domain containing 2B","brown"
"ENSMUSG00000071265",0.892764137703849,-0.412758554226605,"1700086L19Rik","12","RIKEN cDNA 1700086L19 gene","brown"
"ENSMUSG00000071341",0.827395873000797,-0.55253484818899,"Egr4","6","early growth response 4","brown"
"ENSMUSG00000071757",0.810932138270507,-0.458786205765743,"Zhx2","15","zinc fingers and homeoboxes 2","brown"
"ENSMUSG00000074785",0.897835824072548,-0.622771119122079,"Plxnc1","10","plexin C1","brown"
"ENSMUSG00000074923",0.922641583765252,-0.521549713587556,"Pak6","2","p21 (RAC1) activated kinase 6","brown"
"ENSMUSG00000079056",0.80483576245952,-0.573928733301834,"Kcnip3","2","Kv channel interacting protein 3, calsenilin","brown"
"ENSMUSG00000086040",0.811806567707419,-0.588755567710787,"Wipf3","6","WAS/WASL interacting protein family, member 3","brown"
"ENSMUSG00000089715",0.846938387330693,-0.509467638874753,"Cbx6","15","chromobox 6","brown"
"ENSMUSG00000090061",0.842932697134775,-0.501815151738342,"Nwd2","5","NACHT and WD repeat domain containing 2","brown"
"ENSMUSG00000094626",0.814149914701719,-0.63245550538023,"Tmem121b","6","transmembrane protein 121B","brown"
"ENSMUSG00000003575",0.813106540074142,-0.401451592178819,"Crtc1","8","CREB regulated transcription coactivator 1","pink"
"ENSMUSG00000004961",0.874474984197942,-0.393896719262482,"Syt5","7","synaptotagmin V","pink"
"ENSMUSG00000006930",0.933969017692905,-0.247347169135244,"Hap1","11","huntingtin-associated protein 1","pink"
"ENSMUSG00000019817",0.897102055673709,-0.376830750551806,"Plagl1","10","pleiomorphic adenoma gene-like 1","pink"
"ENSMUSG00000020014",0.82021271568086,-0.276618656346432,"Cfap54","10","cilia and flagella associated protein 54","pink"
"ENSMUSG00000021032",0.892795716636034,-0.326979364733884,"Ngb","12","neuroglobin","pink"
"ENSMUSG00000021130",0.95459544373931,-0.387983158420097,"Galnt16","12","polypeptide N-acetylgalactosaminyltransferase 16","pink"
"ENSMUSG00000022235",0.822939319748983,-0.395897425582353,"Cmbl","15","carboxymethylenebutenolidase-like (Pseudomonas)","pink"
"ENSMUSG00000022311",0.837801812071347,-0.481060354192098,"Csmd3","15","CUB and Sushi multiple domains 3","pink"
"ENSMUSG00000022375",0.821288087555039,-0.399124235310459,"Lrrc6","15","leucine rich repeat containing 6 (testis)","pink"
"ENSMUSG00000022895",0.976351205730605,-0.404355225851046,"Ets2","16","E26 avian leukemia oncogene 2, 3' domain","pink"
"ENSMUSG00000022994",0.833142123544905,-0.5816737996399,"Adcy6","15","adenylate cyclase 6","pink"
"ENSMUSG00000026335",0.8503146174913,-0.254614201334299,"Pam","1","peptidylglycine alpha-amidating monooxygenase","pink"
"ENSMUSG00000026614",0.844275538063569,-0.390498434308047,"Slc30a10","1","solute carrier family 30, member 10","pink"
"ENSMUSG00000028878",0.800281772589628,-0.436157484937328,"Fam76a","4","family with sequence similarity 76, member A","pink"
"ENSMUSG00000028957",0.804022778874944,-0.208983633428026,"Per3","4","period circadian clock 3","pink"
"ENSMUSG00000029361",0.816724885457428,-0.328856853979605,"Nos1","5","nitric oxide synthase 1, neuronal","pink"
"ENSMUSG00000030084",0.807252344053725,-0.207474271267431,"Plxna1","6","plexin A1","pink"
"ENSMUSG00000031302",0.805666081171372,-0.440624531199699,"Nlgn3","X","neuroligin 3","pink"
"ENSMUSG00000031880",0.894537020459607,-0.200018544825036,"Rrad","8","Ras-related associated with diabetes","pink"
"ENSMUSG00000034361",0.836869077054513,-0.258494650293134,"Cpne2","8","copine II","pink"
"ENSMUSG00000037681",0.872527446014001,-0.334476659791705,"Esyt3","9","extended synaptotagmin-like protein 3","pink"
"ENSMUSG00000040938",0.828773789589825,-0.318665395366044,"Slc16a11","11","solute carrier family 16 (monocarboxylic acid transporters), member 11","pink"
"ENSMUSG00000042873",0.807100805658219,-0.258995519028996,"Lhfpl4","6","lipoma HMGIC fusion partner-like protein 4","pink"
"ENSMUSG00000046532",0.822469053130792,-0.338408119705176,"Ar","X","androgen receptor","pink"
"ENSMUSG00000048232",0.860561034683411,-0.402381874231174,"Fbxo10","4","F-box protein 10","pink"
"ENSMUSG00000050022",0.859304425080673,-0.340524386032486,"Amz1","5","archaelysin family metallopeptidase 1","pink"
"ENSMUSG00000050600",0.80695460196714,-0.569416518967659,"Zfp831","2","zinc finger protein 831","pink"
"ENSMUSG00000051617",0.894801292757814,-0.446007349435088,"Krt9","11","keratin 9","pink"
"ENSMUSG00000051817",0.826011301552249,-0.502421622613558,"Sox12","2","SRY (sex determining region Y)-box 12","pink"
"ENSMUSG00000053819",0.870378405100454,-0.55559842074304,"Camk2d","3","calcium/calmodulin-dependent protein kinase II, delta","pink"
"ENSMUSG00000054667",0.810288200307664,-0.300923473581763,"Irs4","X","insulin receptor substrate 4","pink"
"ENSMUSG00000057182",0.883209517492609,-0.434546897203417,"Scn3a","2","sodium channel, voltage-gated, type III, alpha","pink"
"ENSMUSG00000063632",0.802036920327684,-0.224775051607939,"Sox11","12","SRY (sex determining region Y)-box 11","pink"
"ENSMUSG00000071369",0.80844627704351,-0.207688786145495,"Map3k5","10","mitogen-activated protein kinase kinase kinase 5","pink"
"ENSMUSG00000071550",0.808643237369468,-0.457707255856729,"Cfap44","16","cilia and flagella associated protein 44","pink"
"ENSMUSG00000072875",0.844407639994719,-0.508492317302189,"Gpr27","6","G protein-coupled receptor 27","pink"
"ENSMUSG00000073102",0.83824133900779,-0.409563274572754,"Drc1","5","dynein regulatory complex subunit 1","pink"
"ENSMUSG00000074227",0.807097711390492,-0.490061110748225,"Spint2","7","serine protease inhibitor, Kunitz type 2","pink"
"ENSMUSG00000075296",0.832366506063116,-0.299317092086746,"Aldh3b2","19","aldehyde dehydrogenase 3 family, member B2","pink"
"ENSMUSG00000094910",0.857208814168056,-0.455739451308024,"D430019H16Rik","12","RIKEN cDNA D430019H16 gene","pink"
"ENSMUSG00000004113",0.833095683027138,-0.580386449986654,"Cacna1b","2","calcium channel, voltage-dependent, N type, alpha 1B subunit","blue"
"ENSMUSG00000008496",0.811775678862829,-0.40511101896841,"Pou2f2","7","POU domain, class 2, transcription factor 2","blue"
"ENSMUSG00000015968",0.807885667123851,-0.3497198989256,"Cacna1d","14","calcium channel, voltage-dependent, L type, alpha 1D subunit","blue"
"ENSMUSG00000020255",0.859699823552855,-0.495758874303298,"Nopchap1","10","NOP protein chaperone 1","blue"
"ENSMUSG00000021180",0.800524938357832,-0.515370220187032,"Rps6ka5","12","ribosomal protein S6 kinase, polypeptide 5","blue"
"ENSMUSG00000021514",0.854607674429071,-0.587657393354547,"Zfp369","13","zinc finger protein 369","blue"
"ENSMUSG00000023066",0.834909595452861,-0.462887765310488,"Rttn","18","rotatin","blue"
"ENSMUSG00000024107",0.890666567206514,-0.571855592328073,"Lhcgr","17","luteinizing hormone/choriogonadotropin receptor","blue"
"ENSMUSG00000025949",0.859303011995042,-0.621996749299979,"Pikfyve","1","phosphoinositide kinase, FYVE type zinc finger containing","blue"
"ENSMUSG00000026289",0.803377346950035,-0.442571969952108,"Atg16l1","1","autophagy related 16-like 1 (S. cerevisiae)","blue"
"ENSMUSG00000026315",0.80445998509674,-0.479553254231316,"Serpinb8","1","serine (or cysteine) peptidase inhibitor, clade B, member 8","blue"
"ENSMUSG00000029089",0.892043638303071,-0.585641530751633,"5730480H06Rik","5","RIKEN cDNA 5730480H06 gene","blue"
"ENSMUSG00000029253",0.887261494074983,-0.496224871049722,"Cenpc1","5","centromere protein C1","blue"
"ENSMUSG00000029530",0.852342371479372,-0.392942060285871,"Ccr9","9","chemokine (C-C motif) receptor 9","blue"
"ENSMUSG00000030945",0.841581534912379,-0.373276943597281,"Acsm2","7","acyl-CoA synthetase medium-chain family member 2","blue"
"ENSMUSG00000030978",0.81360136932214,-0.317658098710218,"Rrm1","7","ribonucleotide reductase M1","blue"
"ENSMUSG00000033147",0.806469224383125,-0.436965938323805,"Slc22a15","3","solute carrier family 22 (organic anion/cation transporter), member 15","blue"
"ENSMUSG00000036109",0.810259014281325,-0.482291259463981,"Mbnl3","X","muscleblind like splicing factor 3","blue"
"ENSMUSG00000037112",0.890302065059278,-0.668490654514858,"Sik2","9","salt inducible kinase 2","blue"
"ENSMUSG00000037818",0.830896058124322,-0.647414698183757,"Abhd18","3","abhydrolase domain containing 18","blue"
"ENSMUSG00000037994",0.863789747604738,-0.529188349535758,"Slc9b2","3","solute carrier family 9, subfamily B (NHA2, cation proton antiporter 2), member 2","blue"
"ENSMUSG00000038528",0.838767815810038,-0.496075455902846,"Mfsd4b5","10","major facilitator superfamily domain containing 4B5","blue"
"ENSMUSG00000038879",0.878862069645501,-0.565581807801321,"Nipal2","15","NIPA-like domain containing 2","blue"
"ENSMUSG00000039531",0.847497716637434,-0.527600015940852,"Zup1","10","zinc finger containing ubiquitin peptidase 1","blue"
"ENSMUSG00000043895",0.811868539207352,-0.270102082210709,"S1pr2","9","sphingosine-1-phosphate receptor 2","blue"
"ENSMUSG00000044951",0.860405202660274,-0.442746761592883,"Mylk4","13","myosin light chain kinase family, member 4","blue"
"ENSMUSG00000045812",0.815140549659543,-0.547029019373195,"Olfr984","9","olfactory receptor 984","blue"
"ENSMUSG00000046130",0.802064644105543,-0.510415242047714,"Vmn1r184","7","vomeronasal 1 receptor, 184","blue"
"ENSMUSG00000046678",0.847559574088405,-0.394882557183061,"Olfr981","9","olfactory receptor 981","blue"
"ENSMUSG00000046881",0.898920218487367,-0.386049034821523,"Olfr374","8","olfactory receptor 374","blue"
"ENSMUSG00000048620",0.907286965738118,-0.593761765487344,"Olfr1336","7","olfactory receptor 1336","blue"
"ENSMUSG00000048647",0.801037794670436,-0.452403855196103,"Exd1","2","exonuclease 3'-5' domain containing 1","blue"
"ENSMUSG00000051003",0.862184827230648,-0.59989703332471,"Olfr161","16","olfactory receptor 161","blue"
"ENSMUSG00000052676",0.880801045627113,-0.475180826493485,"Zmat1","X","zinc finger, matrin type 1","blue"
"ENSMUSG00000052783",0.800990306409162,-0.390813658853763,"Grk4","5","G protein-coupled receptor kinase 4","blue"
"ENSMUSG00000056268",0.866375418515728,-0.642206376304155,"Dennd1b","1","DENN/MADD domain containing 1B","blue"
"ENSMUSG00000056536",0.890674387057628,-0.582664265676126,"Pign","1","phosphatidylinositol glycan anchor biosynthesis, class N","blue"
"ENSMUSG00000061653",0.822665811419025,-0.451639130831496,"Vmn1r46","6","vomeronasal 1 receptor 46","blue"
"ENSMUSG00000062609",0.826118481234574,-0.290067405872389,"Kcnj15","16","potassium inwardly-rectifying channel, subfamily J, member 15","blue"
"ENSMUSG00000064006",0.829248588063655,-0.402852923444489,"Olfr190","16","olfactory receptor 190","blue"
"ENSMUSG00000066263",0.853644436167184,-0.549298884602649,"Olfr639","7","olfactory receptor 639","blue"
"ENSMUSG00000066269",0.868101434359871,-0.614719101322242,"Olfr575","7","olfactory receptor 575","blue"
"ENSMUSG00000068947",0.803979501183174,-0.352019788307416,"Olfr366","2","olfactory receptor 366","blue"
"ENSMUSG00000069294",0.812705640505042,-0.331551549069956,"Vmn1r197","13","vomeronasal 1 receptor 197","blue"
"ENSMUSG00000069793",0.914464987647703,-0.599112942398337,"Slfn9","11","schlafen 9","blue"
"ENSMUSG00000070417",0.820867195232378,-0.492947183621733,"Olfr2","7","olfactory receptor 2","blue"
"ENSMUSG00000070815",0.924975150815824,-0.559603286076161,"Vmn1r87","7","vomeronasal 1 receptor 87","blue"
"ENSMUSG00000070817",0.828942756549809,-0.638692404827763,"Vmn1r85","7","vomeronasal 1 receptor 85","blue"
"ENSMUSG00000070855",0.91525484227325,-0.594801377561056,"Olfr1116","2","olfactory receptor 1116","blue"
"ENSMUSG00000073682",0.825212450195542,-0.563771567173633,"Gm10563","4","predicted gene 10563","blue"
"ENSMUSG00000073924",0.860443057364179,-0.52324123997375,"Olfr656","7","olfactory receptor 656","blue"
"ENSMUSG00000073927",0.836884529518055,-0.535404927268675,"Olfr652","7","olfactory receptor 652","blue"
"ENSMUSG00000075141",0.857704600226024,-0.508203866511414,"Olfr1160","2","olfactory receptor 1160","blue"
"ENSMUSG00000081269",0.814554016540436,-0.348613675090586,"Gm14659","X","predicted gene 14659","blue"
"ENSMUSG00000081724",0.810138151439708,-0.597174281216398,"Olfr129","17","olfactory receptor 129","blue"
"ENSMUSG00000081945",0.881937749766659,-0.487211725239864,"Olfr607","7","olfactory receptor 607","blue"
"ENSMUSG00000083587",0.862989663902415,-0.422270277535646,"Gm14741","X","predicted gene 14741","blue"
"ENSMUSG00000083706",0.834788726126373,-0.514715747855511,"Olfr1118","2","olfactory receptor 1118","blue"
"ENSMUSG00000090362",0.911673847175318,-0.603360683760835,"Vmn2r79","7","vomeronasal 2, receptor 79","blue"
"ENSMUSG00000090619",0.890417947469233,-0.467380200873553,"Vmn2r60","7","vomeronasal 2, receptor 60","blue"
"ENSMUSG00000090655",0.953400216252877,-0.5892753930527,"Vmn2r120","17","vomeronasal 2, receptor 120","blue"
"ENSMUSG00000090751",0.832691122774546,-0.267770546179365,"Vmn2r63","7","vomeronasal 2, receptor 63","blue"
"ENSMUSG00000090762",0.888551639725105,-0.651831924127526,"Vmn2r56","7","vomeronasal 2, receptor 56","blue"
"ENSMUSG00000090874",0.810210044463598,-0.362999166385239,"Olfr733","14","olfactory receptor 733","blue"
"ENSMUSG00000091076",0.840266599577734,-0.299706632362404,"Vmn2r115","17","vomeronasal 2, receptor 115","blue"
"ENSMUSG00000091239",0.930862790506781,-0.701773723547339,"Vmn2r76","7","vomeronasal 2, receptor 76","blue"
"ENSMUSG00000091358",0.865833708138256,-0.472511601312008,"Speer5-ps1","10","spermatogenesis associated glutamate (E)-rich protein 5, pseudogene 1","blue"
"ENSMUSG00000091382",0.869110826702684,-0.618925691198919,"Vmn1r18","6","vomeronasal 1 receptor 18","blue"
"ENSMUSG00000091407",0.855140899332162,-0.651868988836317,"Vmn2r117","17","vomeronasal 2, receptor 117","blue"
"ENSMUSG00000091577",0.828061806361579,-0.385215430877068,"Gm6211","13","predicted gene 6211","blue"
"ENSMUSG00000091631",0.827152049077239,-0.439255836973027,"Vmn2r95","17","vomeronasal 2, receptor 95","blue"
"ENSMUSG00000091805",0.803874709054656,-0.448603603182509,"Vmn2r108","17","vomeronasal 2, receptor 108","blue"
"ENSMUSG00000091930",0.843541794965109,-0.351378690941771,"Vmn2r52","7","vomeronasal 2, receptor 52","blue"
"ENSMUSG00000091945",0.918816052027513,-0.52135336998204,"Vmn2r114","17","vomeronasal 2, receptor 114","blue"
"ENSMUSG00000092032",0.924381424241958,-0.53123703640769,"Vmn2r59","7","vomeronasal 2, receptor 59","blue"
"ENSMUSG00000092111",0.832808554641306,-0.421018875370732,"Vmn2r113","17","vomeronasal 2, receptor 113","blue"
"ENSMUSG00000093382",0.856687496588547,-0.383916789279437,"Vmn1r-ps14","6","vomeronasal 1 receptor, pseudogene 14","blue"
"ENSMUSG00000093942",0.890315321859891,-0.481231727789132,"Olfr46","7","olfactory receptor 46","blue"
"ENSMUSG00000094396",0.819640069336663,-0.632683261785513,"Vmn2r124","17","vomeronasal 2, receptor 124","blue"
"ENSMUSG00000094520",0.936239494703671,-0.637197374649888,"Olfr635","7","olfactory receptor 635","blue"
"ENSMUSG00000094553",0.800005970747444,-0.29349694141204,"Vmn1r50","6","vomeronasal 1 receptor 50","blue"
"ENSMUSG00000094672",0.862041981997494,-0.405928360799848,"Vmn2r25","6","vomeronasal 2, receptor 25","blue"
"ENSMUSG00000094747",0.92069118518014,-0.641886683581042,"Olfr1307","2","olfactory receptor 1307","blue"
"ENSMUSG00000094846",0.924603941543911,-0.625237966820108,"Olfr1487","19","olfactory receptor 1487","blue"
"ENSMUSG00000094898",0.833392103038026,-0.621628106157149,"Vmn1r201","13","vomeronasal 1 receptor 201","blue"
"ENSMUSG00000095401",0.913378790451054,-0.529683137294817,"Olfr804","10","olfactory receptor 804","blue"
"ENSMUSG00000095961",0.893742067993078,-0.422975121000891,"Vmn2r102","17","vomeronasal 2, receptor 102","blue"
"ENSMUSG00000096002",0.949334960947171,-0.619262292215178,"Vmn2r53","7","vomeronasal 2, receptor 53","blue"
"ENSMUSG00000096010",0.822255591874143,-0.525638362963198,"H4f16","6","H4 histone 16","blue"
"ENSMUSG00000096289",0.852877489096486,-0.590816957951542,"Olfr1484","19","olfactory receptor 1484","blue"
"ENSMUSG00000098505",0.811996166238501,-0.586514020646094,"Gm14496","2","predicted gene 14496","blue"
"ENSMUSG00000102443",0.827068814002243,-0.563328661260459,"Gm37102","3","predicted gene, 37102","blue"
"ENSMUSG00000104377",0.828625404924034,-0.520693486172804,"Gm37515","3","predicted gene, 37515","blue"
"ENSMUSG00000106529",0.825438715175992,-0.516865599326879,"Gm18451","5","predicted gene, 18451","blue"
"ENSMUSG00000106631",0.829947364801526,-0.541135507340595,"Gm42669","5","predicted gene 42669","blue"
"ENSMUSG00000106948",0.804037103814889,-0.346573430130965,"Gm42785","3","predicted gene 42785","blue"
"ENSMUSG00000108249",0.880917049645109,-0.506242542046919,"Gm43960","6","predicted gene, 43960","blue"
"ENSMUSG00000108265",0.814765554290158,-0.423029881393167,"Olfr318","11","olfactory receptor 318","blue"
"ENSMUSG00000108857",0.846574311934246,-0.312541256366397,"Gm44578","7","predicted gene 44578","blue"
"ENSMUSG00000109196",0.887272901166398,-0.386229086327279,"Gm44715","7","predicted gene 44715","blue"
"ENSMUSG00000109449",0.813738819335017,-0.486380422795377,"Olfr1280","2","olfactory receptor 1280","blue"
"ENSMUSG00000110519",0.815012339119888,-0.403635719698401,"Olfr839-ps1","9","olfactory receptor 839, pseudogene 1","blue"
"ENSMUSG00000111023",0.907657292488469,-0.533130931685334,"Gm48391","9","predicted gene, 48391","blue"
"ENSMUSG00000111269",0.863601460558057,-0.327631581311062,"Gm47933","9","predicted gene, 47933","blue"
"ENSMUSG00000111590",0.835899961031016,-0.586209685434224,"Olfr1192-ps1","2","olfactory receptor 1192, pseudogene 1","blue"
"ENSMUSG00000111696",0.824880938065202,-0.544688586735197,"Gm47932","9","predicted gene, 47932","blue"
"ENSMUSG00000112013",0.873346693407432,-0.467307841583204,"Gm47967","10","predicted gene, 47967","blue"
"ENSMUSG00000112038",0.890804301663308,-0.63098756937037,"Gm47056","12","predicted gene, 47056","blue"
"ENSMUSG00000112122",0.860182301562942,-0.582740772835459,"Gm47628","10","predicted gene, 47628","blue"
"ENSMUSG00000113004",0.914323102296371,-0.408877853249475,"Gm47951","13","predicted gene, 47951","blue"
"ENSMUSG00000113667",0.811801278863339,-0.573760163044221,"Gm47853","13","predicted gene, 47853","blue"
"ENSMUSG00000113684",0.833178436840419,-0.587657954384033,"Gm48418","12","predicted gene, 48418","blue"
"ENSMUSG00000113795",0.873579094496341,-0.525200008641761,"Gm48119","12","predicted gene, 48119","blue"
"ENSMUSG00000113961",0.818513008800981,-0.435331806142793,"Gm48498","12","predicted gene, 48498","blue"
"ENSMUSG00000114257",0.834728634667023,-0.453834036429127,NA,NA,NA,"blue"
"ENSMUSG00000114676",0.812975669952745,-0.354023719937381,NA,NA,NA,"blue"
"ENSMUSG00000115020",0.839091337013269,-0.667170399282423,"Vmn1r218","13","vomeronasal 1 receptor 218","blue"
"ENSMUSG00000115027",0.908547187372537,-0.53411306637024,"Vmn1r81","7","vomeronasal 1 receptor 81","blue"
"ENSMUSG00000115697",0.868422680124286,-0.498238747710384,"Vmn1r216","13","vomeronasal 1 receptor 216","blue"
"ENSMUSG00000115744",0.875538629630522,-0.468915915305152,"Vmn1r80","7","vomeronasal 1 receptor 80","blue"
"ENSMUSG00000117148",0.893858244216302,-0.640904945320928,"Vmn1r229","17","vomeronasal 1 receptor 229","blue"
"ENSMUSG00000117853",0.896064653927315,-0.512711876712246,"Vmn1r88","7","vomeronasal 1 receptor, 88","blue"
"ENSMUSG00000118215",0.924403829781534,-0.540543174779774,"Vmn1r55","7","vomeronasal 1 receptor 55","blue"
"ENSMUSG00000118318",0.882078355219853,-0.550196072816326,"Vmn1r183","7","vomeronasal 1 receptor 183","blue"
"ENSMUSG00000000088",0.90543315960238,0.458697157114423,"Cox5a","9","cytochrome c oxidase subunit 5A","turquoise"
"ENSMUSG00000000563",0.814998876439883,0.255844695200977,"Atp5pb","3","ATP synthase peripheral stalk-membrane subunit b","turquoise"
"ENSMUSG00000001089",0.919257438045728,0.671594144803084,"Luzp1","4","leucine zipper protein 1","turquoise"
"ENSMUSG00000001100",0.809308674926686,0.579258313126463,"Poldip2","11","polymerase (DNA-directed), delta interacting protein 2","turquoise"
"ENSMUSG00000001270",0.887531738671422,0.632841126656104,"Ckb","12","creatine kinase, brain","turquoise"
"ENSMUSG00000001334",0.941538987581214,0.55786680506755,"Fndc5","4","fibronectin type III domain containing 5","turquoise"
"ENSMUSG00000001472",0.83690311316179,0.522527142878025,"Tcf25","8","transcription factor 25 (basic helix-loop-helix)","turquoise"
"ENSMUSG00000002379",0.830286617060533,0.347244778745479,"Ndufa11","17","NADH:ubiquinone oxidoreductase subunit A11","turquoise"
"ENSMUSG00000002504",0.889904717963677,0.446166536331846,"Slc9a3r2","17","solute carrier family 9 (sodium/hydrogen exchanger), member 3 regulator 2","turquoise"
"ENSMUSG00000003518",0.830969063426742,0.455839447258903,"Dusp3","11","dual specificity phosphatase 3 (vaccinia virus phosphatase VH1-related)","turquoise"
"ENSMUSG00000004267",0.823267396784355,0.649092345532349,"Eno2","6","enolase 2, gamma neuronal","turquoise"
"ENSMUSG00000004535",0.879644898638775,0.553304687709127,"Tax1bp1","6","Tax1 (human T cell leukemia virus type I) binding protein 1","turquoise"
"ENSMUSG00000004789",0.815728181460214,0.472560931771528,"Dlst","12","dihydrolipoamide S-succinyltransferase (E2 component of 2-oxo-glutarate complex)","turquoise"
"ENSMUSG00000005873",0.83360055076689,0.497651696588046,"Reep5","18","receptor accessory protein 5","turquoise"
"ENSMUSG00000006218",0.834332049314946,0.577610844937719,"Fam131c","4","family with sequence similarity 131, member C","turquoise"
"ENSMUSG00000006782",0.845246395163823,0.714121228503761,"Cnp","11","2',3'-cyclic nucleotide 3' phosphodiesterase","turquoise"
"ENSMUSG00000006800",0.807277268633664,0.363099696345057,"Sulf2","2","sulfatase 2","turquoise"
"ENSMUSG00000006818",0.822253865936117,0.427469795332397,"Sod2","17","superoxide dismutase 2, mitochondrial","turquoise"
"ENSMUSG00000007476",0.812653425068215,0.719974120402222,"Lrrc8a","2","leucine rich repeat containing 8A VRAC subunit A","turquoise"
"ENSMUSG00000007891",0.844647627871753,0.648282978313703,"Ctsd","7","cathepsin D","turquoise"
"ENSMUSG00000008035",0.818762376375998,0.454178926689888,"Mid1ip1","X","Mid1 interacting protein 1 (gastrulation specific G12-like (zebrafish))","turquoise"
"ENSMUSG00000008489",0.877567609432967,0.541628975257848,"Elavl2","4","ELAV like RNA binding protein 1","turquoise"
"ENSMUSG00000008859",0.816897412665916,0.727244004403422,"Rala","13","v-ral simian leukemia viral oncogene A (ras related)","turquoise"
"ENSMUSG00000008892",0.811150185817957,0.372152414261549,"Vdac3","8","voltage-dependent anion channel 3","turquoise"
"ENSMUSG00000009863",0.858806494864638,0.328832752905646,"Sdhb","4","succinate dehydrogenase complex, subunit B, iron sulfur (Ip)","turquoise"
"ENSMUSG00000010066",0.800803056781193,0.493026677296448,"Cacna2d2","9","calcium channel, voltage-dependent, alpha 2/delta subunit 2","turquoise"
"ENSMUSG00000010803",0.83103293675336,0.431597441167977,"Gabra1","11","gamma-aminobutyric acid (GABA) A receptor, subunit alpha 1","turquoise"
"ENSMUSG00000011148",0.853646312956694,0.645067592488328,"Adssl1","12","adenylosuccinate synthetase like 1","turquoise"
"ENSMUSG00000011752",0.887769461992662,0.402250730010354,"Pgam1","19","phosphoglycerate mutase 1","turquoise"
"ENSMUSG00000013523",0.832391585810913,0.705230074054868,"Bcas1","2","brain enriched myelin associated protein 1","turquoise"
"ENSMUSG00000015112",0.800260426967997,0.551437547033901,"Slc25a13","6","solute carrier family 25 (mitochondrial carrier, adenine nucleotide translocator), member 13","turquoise"
"ENSMUSG00000015149",0.84952848719777,0.668163898688971,"Sirt2","7","sirtuin 2","turquoise"
"ENSMUSG00000015806",0.90631576711174,0.637362980475693,"Qdpr","5","quinoid dihydropteridine reductase","turquoise"
"ENSMUSG00000016256",0.804420246019603,0.612356556814734,"Ctsz","2","cathepsin Z","turquoise"
"ENSMUSG00000016319",0.867450112891173,0.381155598252816,"Slc25a5","X","solute carrier family 25 (mitochondrial carrier, adenine nucleotide translocator), member 5","turquoise"
"ENSMUSG00000016427",0.82789140584145,0.345854668392515,"Ndufa1","X","NADH:ubiquinone oxidoreductase subunit A1","turquoise"
"ENSMUSG00000016541",0.833288767862527,0.519040370308211,"Atxn10","15","ataxin 10","turquoise"
"ENSMUSG00000016637",0.807598383376423,0.664620552782661,"Ift27","15","intraflagellar transport 27","turquoise"
"ENSMUSG00000017760",0.840743211540359,0.558214850222068,"Ctsa","2","cathepsin A","turquoise"
"ENSMUSG00000017781",0.917136919029687,0.531025340395114,"Pitpna","11","phosphatidylinositol transfer protein, alpha","turquoise"
"ENSMUSG00000018189",0.867316587577589,0.547580617535454,"Uchl5","1","ubiquitin carboxyl-terminal esterase L5","turquoise"
"ENSMUSG00000018470",0.918723369622604,0.52280989854909,"Kcnab3","11","potassium voltage-gated channel, shaker-related subfamily, beta member 3","turquoise"
"ENSMUSG00000018567",0.834164657370397,0.705108761394267,"Gabarap","11","gamma-aminobutyric acid receptor associated protein","turquoise"
"ENSMUSG00000018677",0.824460936166217,0.425294192504498,"Slc25a39","11","solute carrier family 25, member 39","turquoise"
"ENSMUSG00000018750",0.866527587787473,0.615553972884087,"Zbtb4","11","zinc finger and BTB domain containing 4","turquoise"
"ENSMUSG00000019179",0.836545784780493,0.269707528613455,"Mdh2","5","malate dehydrogenase 2, NAD (mitochondrial)","turquoise"
"ENSMUSG00000019362",0.817294800963685,0.381876558323657,"D8Ertd738e","8","DNA segment, Chr 8, ERATO Doi 738, expressed","turquoise"
"ENSMUSG00000020029",0.818329923485308,0.434551418349409,"Nudt4","10","nudix (nucleoside diphosphate linked moiety X)-type motif 4","turquoise"
"ENSMUSG00000020089",0.808596511637899,0.315927719777682,"Ppa1","10","pyrophosphatase (inorganic) 1","turquoise"
"ENSMUSG00000020150",0.820875868489431,0.532700746131701,"Gamt","10","guanidinoacetate methyltransferase","turquoise"
"ENSMUSG00000020321",0.921852624787945,0.392472179639981,"Mdh1","11","malate dehydrogenase 1, NAD (soluble)","turquoise"
"ENSMUSG00000020333",0.821879140773029,0.49346080107747,"Acsl6","11","acyl-CoA synthetase long-chain family member 6","turquoise"
"ENSMUSG00000020366",0.802086353534716,0.637204050391729,"Mapk9","11","mitogen-activated protein kinase 9","turquoise"
"ENSMUSG00000020396",0.892913086988136,0.578418426066148,"Nefh","11","neurofilament, heavy polypeptide","turquoise"
"ENSMUSG00000020458",0.904037339064103,0.523448028318326,"Rtn4","11","reticulon 4","turquoise"
"ENSMUSG00000020486",0.893621186576213,0.654050093052381,"Septin4","11","septin 4","turquoise"
"ENSMUSG00000020634",0.917513728963344,0.577260375670869,"Ubxn2a","12","UBX domain protein 2A","turquoise"
"ENSMUSG00000020657",0.851471270515974,0.540464924527935,"Dnajc27","12","DnaJ heat shock protein family (Hsp40) member C27","turquoise"
"ENSMUSG00000020708",0.891051486221746,0.512126259679271,"Psmc5","11","protease (prosome, macropain) 26S subunit, ATPase 5","turquoise"
"ENSMUSG00000020720",0.839893790802408,0.541886209201977,"Psmd12","11","proteasome (prosome, macropain) 26S subunit, non-ATPase, 12","turquoise"
"ENSMUSG00000020836",0.831081389838581,0.426506276026074,"Coro6","11","coronin 6","turquoise"
"ENSMUSG00000020864",0.856895715056152,0.583631945790589,"Ankrd40","11","ankyrin repeat domain 40","turquoise"
"ENSMUSG00000020917",0.843842902010945,0.349512637216667,"Acly","11","ATP citrate lyase","turquoise"
"ENSMUSG00000021270",0.8439501526397,0.64554923777479,"Hsp90aa1","12","heat shock protein 90, alpha (cytosolic), class A member 1","turquoise"
"ENSMUSG00000021477",0.884898138966621,0.541229307945569,"Ctsl","13","cathepsin L","turquoise"
"ENSMUSG00000021520",0.82112843987541,0.377869172847069,"Uqcrb","13","ubiquinol-cytochrome c reductase binding protein","turquoise"
"ENSMUSG00000021577",0.908241386058427,0.503503463884097,"Sdha","13","succinate dehydrogenase complex, subunit A, flavoprotein (Fp)","turquoise"
"ENSMUSG00000021591",0.849717757385263,0.421825755110586,"Glrx","13","glutaredoxin","turquoise"
"ENSMUSG00000021606",0.873379216709125,0.483552912048848,"Ndufs6","13","NADH:ubiquinone oxidoreductase core subunit S6","turquoise"
"ENSMUSG00000021771",0.88110207938978,0.41850642165346,"Vdac2","14","voltage-dependent anion channel 2","turquoise"
"ENSMUSG00000021939",0.917967228137669,0.609011552161482,"Ctsb","14","cathepsin B","turquoise"
"ENSMUSG00000022054",0.885766748518365,0.516586651350317,"Nefm","14","neurofilament, medium polypeptide","turquoise"
"ENSMUSG00000022055",0.873644553484254,0.476109601101552,"Nefl","14","neurofilament, light polypeptide","turquoise"
"ENSMUSG00000022108",0.82010708219319,0.601605135340608,"Itm2b","14","integral membrane protein 2B","turquoise"
"ENSMUSG00000022257",0.895143181766084,0.547326181930905,"Laptm4b","15","lysosomal-associated protein transmembrane 4B","turquoise"
"ENSMUSG00000022270",0.844030605769289,0.688303012704352,"Retreg1","15","reticulophagy regulator 1","turquoise"
"ENSMUSG00000022354",0.832077961004776,0.37661656159871,"Ndufb9","15","NADH:ubiquinone oxidoreductase subunit B9","turquoise"
"ENSMUSG00000022377",0.817156033844683,0.56052224237071,"Asap1","15","ArfGAP with SH3 domain, ankyrin repeat and PH domain1","turquoise"
"ENSMUSG00000022425",0.842038021682105,0.637508826583798,"Enpp2","15","ectonucleotide pyrophosphatase/phosphodiesterase 2","turquoise"
"ENSMUSG00000022450",0.822500258273931,0.474400098324386,"Ndufa6","15","NADH:ubiquinone oxidoreductase subunit A6","turquoise"
"ENSMUSG00000022452",0.853029895960935,0.368660628424278,"Smdt1","15","single-pass membrane protein with aspartate rich tail 1","turquoise"
"ENSMUSG00000022472",0.832083162382495,0.666541300975965,"Desi1","15","desumoylating isopeptidase 1","turquoise"
"ENSMUSG00000022594",0.849884927730747,0.52624695930322,"Lynx1","15","Ly6/neurotoxin 1","turquoise"
"ENSMUSG00000022635",0.837576943316543,0.490764334631004,"Zcrb1","15","zinc finger CCHC-type and RNA binding motif 1","turquoise"
"ENSMUSG00000022890",0.93669124448434,0.619408371107065,"Atp5j","16","ATP synthase, H+ transporting, mitochondrial F0 complex, subunit F","turquoise"
"ENSMUSG00000022964",0.902600674109887,0.621872057606242,"Tmem50b","16","transmembrane protein 50B","turquoise"
"ENSMUSG00000022982",0.848324116145315,0.571114803174272,"Sod1","16","superoxide dismutase 1, soluble","turquoise"
"ENSMUSG00000023089",0.872601001677631,0.612974833166243,"Ndufa5","6","NADH:ubiquinone oxidoreductase subunit A5","turquoise"
"ENSMUSG00000023861",0.8307126394041,0.386959904086829,"Mpc1","17","mitochondrial pyruvate carrier 1","turquoise"
"ENSMUSG00000023909",0.882780028591572,0.575198895484657,"Paqr4","17","progestin and adipoQ receptor family member IV","turquoise"
"ENSMUSG00000023945",0.816080690603872,0.466078106887285,"Slc5a7","17","solute carrier family 5 (choline transporter), member 7","turquoise"
"ENSMUSG00000024099",0.866752771629194,0.450217354222851,"Ndufv2","17","NADH:ubiquinone oxidoreductase core subunit V2","turquoise"
"ENSMUSG00000024194",0.811173501892057,0.34036354014763,"Cuta","17","cutA divalent cation tolerance homolog","turquoise"
"ENSMUSG00000024248",0.887493889677046,0.552849015015245,"Cox7a2l","17","cytochrome c oxidase subunit 7A2 like","turquoise"
"ENSMUSG00000024359",0.827221110547003,0.409428655250241,"Hspa9","18","heat shock protein 9","turquoise"
"ENSMUSG00000024587",0.870767083659062,0.438827420798188,"Nars","18","asparaginyl-tRNA synthetase","turquoise"
"ENSMUSG00000024593",0.829699388282087,0.522526563734039,"Megf10","18","multiple EGF-like-domains 10","turquoise"
"ENSMUSG00000024892",0.81767896371823,0.536848814327022,"Pcx","19","pyruvate carboxylase","turquoise"
"ENSMUSG00000024953",0.871105595866836,0.373801363229643,"Prdx5","19","peroxiredoxin 5","turquoise"
"ENSMUSG00000024962",0.915173406155483,0.587836644663536,"Vegfb","19","vascular endothelial growth factor B","turquoise"
"ENSMUSG00000024985",0.832425219562659,0.592733827931375,"Tcf7l2","19","transcription factor 7 like 2, T cell specific, HMG box","turquoise"
"ENSMUSG00000025190",0.802385518662424,0.282420438862597,"Got1","19","glutamic-oxaloacetic transaminase 1, soluble","turquoise"
"ENSMUSG00000025393",0.928322103110978,0.543032316886049,"Atp5b","10","ATP synthase, H+ transporting mitochondrial F1 complex, beta subunit","turquoise"
"ENSMUSG00000025408",0.870971792180921,0.513219881883794,"Ddit3","10","DNA-damage inducible transcript 3","turquoise"
"ENSMUSG00000025428",0.918322758579055,0.558424218449192,"Atp5a1","18","ATP synthase, H+ transporting, mitochondrial F1 complex, alpha subunit 1","turquoise"
"ENSMUSG00000025781",0.856554618996874,0.339565227259113,"Atp5c1","2","ATP synthase, H+ transporting, mitochondrial F1 complex, gamma polypeptide 1","turquoise"
"ENSMUSG00000025825",0.861487943617861,0.359330467577357,"Iscu","5","iron-sulfur cluster assembly enzyme","turquoise"
"ENSMUSG00000026032",0.841219931337133,0.457162953459029,"Ndufb3","1","NADH:ubiquinone oxidoreductase subunit B3","turquoise"
"ENSMUSG00000026155",0.835713526591767,0.429036431056297,"Smap1","1","small ArfGAP 1","turquoise"
"ENSMUSG00000026179",0.862303930886681,0.46740155537673,"Pnkd","1","paroxysmal nonkinesiogenic dyskinesia","turquoise"
"ENSMUSG00000026260",0.926625268413555,0.555314732891859,"Ndufa10","1","NADH:ubiquinone oxidoreductase subunit A10","turquoise"
"ENSMUSG00000026452",0.895935050637728,0.602654662801613,"Syt2","1","synaptotagmin II","turquoise"
"ENSMUSG00000026576",0.908334581452728,0.445818886063234,"Atp1b1","1","ATPase, Na+/K+ transporting, beta 1 polypeptide","turquoise"
"ENSMUSG00000026664",0.895423293603949,0.572526362581637,"Phyh","2","phytanoyl-CoA hydroxylase","turquoise"
"ENSMUSG00000026737",0.851685132034984,0.663728691344959,"Pip4k2a","2","phosphatidylinositol-5-phosphate 4-kinase, type II, alpha","turquoise"
"ENSMUSG00000026830",0.807640717405177,0.690039157783273,"Ermn","2","ermin, ERM-like protein","turquoise"
"ENSMUSG00000026932",0.880998875450944,0.601858817129652,"Nacc2","2","nucleus accumbens associated 2, BEN and BTB (POZ) domain containing","turquoise"
"ENSMUSG00000027030",0.896634781467992,0.670950754097226,"Stk39","2","serine/threonine kinase 39","turquoise"
"ENSMUSG00000027200",0.821602957236735,0.668849010628969,"Sema6d","2","sema domain, transmembrane domain (TM), and cytoplasmic domain, (semaphorin) 6D","turquoise"
"ENSMUSG00000027273",0.808362877742204,0.231480089427151,"Snap25","2","synaptosomal-associated protein 25","turquoise"
"ENSMUSG00000027358",0.868997367437228,0.563460542757651,"Bmp2","2","bone morphogenetic protein 2","turquoise"
"ENSMUSG00000027375",0.845398038441862,0.692591157692878,"Mal","2","myelin and lymphocyte protein, T cell differentiation protein","turquoise"
"ENSMUSG00000027406",0.807896712674685,0.302809621559988,"Idh3b","2","isocitrate dehydrogenase 3 (NAD+) beta","turquoise"
"ENSMUSG00000027500",0.8376374433384,0.350679802496847,"Stmn2","3","stathmin-like 2","turquoise"
"ENSMUSG00000027533",0.829425227170876,0.500049484732164,"Fabp5","3","fatty acid binding protein 5, epidermal","turquoise"
"ENSMUSG00000027562",0.898608090545351,0.59342580423745,"Car2","3","carbonic anhydrase 2","turquoise"
"ENSMUSG00000027602",0.820565598748525,0.379917862077983,"Map1lc3a","2","microtubule-associated protein 1 light chain 3 alpha","turquoise"
"ENSMUSG00000027673",0.929841411057215,0.539859060003359,"Ndufb5","3","NADH:ubiquinone oxidoreductase subunit B5","turquoise"
"ENSMUSG00000027706",0.8023492066872,0.500695328893498,"Sec62","3","SEC62 homolog (S. cerevisiae)","turquoise"
"ENSMUSG00000027712",0.852750348526437,0.745425244768534,"Anxa5","3","annexin A5","turquoise"
"ENSMUSG00000027858",0.873477307850539,0.631126720875166,"Tspan2","3","tetraspanin 2","turquoise"
"ENSMUSG00000027893",0.922789926642235,0.558122745812692,"Ahcyl1","3","S-adenosylhomocysteine hydrolase-like 1","turquoise"
"ENSMUSG00000028149",0.816869316186917,0.391327236860032,"Rap1gds1","3","RAP1, GTP-GDP dissociation stimulator 1","turquoise"
"ENSMUSG00000028412",0.85699927377128,0.740729896884545,"Slc44a1","4","solute carrier family 44, member 1","turquoise"
"ENSMUSG00000028416",0.917263617810591,0.551954158333973,"Bag1","4","BCL2-associated athanogene 1","turquoise"
"ENSMUSG00000028445",0.862949171094153,0.65106043046066,"Enho","4","energy homeostasis associated","turquoise"
"ENSMUSG00000028795",0.802597615044961,0.525517732453518,"Ccdc28b","4","coiled coil domain containing 28B","turquoise"
"ENSMUSG00000028937",0.910151499258056,0.506222474574279,"Acot7","4","acyl-CoA thioesterase 7","turquoise"
"ENSMUSG00000028982",0.82832964961968,0.586754241867531,"Slc25a33","4","solute carrier family 25, member 33","turquoise"
"ENSMUSG00000029059",0.889671504500098,0.660942899546498,"Prxl2b","4","peroxiredoxin like 2B","turquoise"
"ENSMUSG00000029167",0.818049697848079,0.448496831581684,"Ppargc1a","5","peroxisome proliferative activated receptor, gamma, coactivator 1 alpha","turquoise"
"ENSMUSG00000029219",0.80580457407604,0.548570946226592,"Slc10a4","5","solute carrier family 10 (sodium/bile acid cotransporter family), member 4","turquoise"
"ENSMUSG00000029221",0.801008099784416,0.418733509800911,"Slc30a9","5","solute carrier family 30 (zinc transporter), member 9","turquoise"
"ENSMUSG00000030246",0.897878913177152,0.519559171978579,"Ldhb","6","lactate dehydrogenase B","turquoise"
"ENSMUSG00000030268",0.886975154339419,0.529006650869889,"Bcat1","6","branched chain aminotransferase 1, cytosolic","turquoise"
"ENSMUSG00000030310",0.805092164521061,0.405975658666428,"Slc6a1","6","solute carrier family 6 (neurotransmitter transporter, GABA), member 1","turquoise"
"ENSMUSG00000030337",0.856900636838361,0.503519133052287,"Vamp1","6","vesicle-associated membrane protein 1","turquoise"
"ENSMUSG00000030884",0.821607790073992,0.370792476948637,"Uqcrc2","7","ubiquinol cytochrome c reductase core protein 2","turquoise"
"ENSMUSG00000031149",0.801951570639777,0.483008497814505,"Praf2","X","PRA1 domain family 2","turquoise"
"ENSMUSG00000031231",0.874142047126652,0.490857050837463,"Cox7b","X","cytochrome c oxidase subunit 7B","turquoise"
"ENSMUSG00000031367",0.830809132709623,0.528730830814983,"Ap1s2","X","adaptor-related protein complex 1, sigma 2 subunit","turquoise"
"ENSMUSG00000031400",0.880835871496039,0.632809309756389,"G6pdx","X","glucose-6-phosphate dehydrogenase X-linked","turquoise"
"ENSMUSG00000031425",0.815325324058678,0.644610887848838,"Plp1","X","proteolipid protein (myelin) 1","turquoise"
"ENSMUSG00000031447",0.832900716607531,0.663915652457538,"Lamp1","8","lysosomal-associated membrane protein 1","turquoise"
"ENSMUSG00000031633",0.872103814945335,0.440916201200845,"Slc25a4","8","solute carrier family 25 (mitochondrial carrier, adenine nucleotide translocator), member 4","turquoise"
"ENSMUSG00000031667",0.834077420707151,0.50807029584711,"Aktip","8","AKT interacting protein","turquoise"
"ENSMUSG00000031672",0.872456389117698,0.446416951839806,"Got2","8","glutamatic-oxaloacetic transaminase 2, mitochondrial","turquoise"
"ENSMUSG00000031714",0.806719581175284,0.639651753929526,"Gab1","8","growth factor receptor bound protein 2-associated protein 1","turquoise"
"ENSMUSG00000031781",0.813736307407998,0.380126617824517,"Ciapin1","8","cytokine induced apoptosis inhibitor 1","turquoise"
"ENSMUSG00000031812",0.849840934080373,0.538555524524194,"Map1lc3b","8","microtubule-associated protein 1 light chain 3 beta","turquoise"
"ENSMUSG00000031818",0.857984494633556,0.500054859566858,"Cox4i1","8","cytochrome c oxidase subunit 4I1","turquoise"
"ENSMUSG00000031840",0.856513557136041,0.47910141219768,"Rab3a","8","RAB3A, member RAS oncogene family","turquoise"
"ENSMUSG00000031996",0.886215898690165,0.631342577431628,"Aplp2","9","amyloid beta (A4) precursor-like protein 2","turquoise"
"ENSMUSG00000032060",0.864245457616724,0.683910176175188,"Cryab","9","crystallin, alpha B","turquoise"
"ENSMUSG00000032294",0.927361971310497,0.643888876455405,"Pkm","9","pyruvate kinase, muscle","turquoise"
"ENSMUSG00000032330",0.846578484918381,0.410718868577064,"Cox7a2","9","cytochrome c oxidase subunit 7A2","turquoise"
"ENSMUSG00000032349",0.839226233281072,0.444795229751514,"Elovl5","9","ELOVL family member 5, elongation of long chain fatty acids (yeast)","turquoise"
"ENSMUSG00000032412",0.836716971618248,0.567476673648694,"Atp1b3","9","ATPase, Na+/K+ transporting, beta 3 polypeptide","turquoise"
"ENSMUSG00000032479",0.86074797995678,0.570800296731303,"Map4","9","microtubule-associated protein 4","turquoise"
"ENSMUSG00000032517",0.831648548806472,0.704929345112365,"Mobp","9","myelin-associated oligodendrocytic basic protein","turquoise"
"ENSMUSG00000032554",0.803022590083035,0.639689951837771,"Trf","9","transferrin","turquoise"
"ENSMUSG00000032766",0.862004070588861,0.629617598533982,"Gng11","6","guanine nucleotide binding protein (G protein), gamma 11","turquoise"
"ENSMUSG00000033208",0.85648819257733,0.698061596728366,"S100b","10","S100 protein, beta polypeptide, neural","turquoise"
"ENSMUSG00000033615",0.847026712925426,0.374899882325284,"Cplx1","5","complexin 1","turquoise"
"ENSMUSG00000034327",0.847928120944519,0.531201568084699,"Kctd9","14","potassium channel tetramerisation domain containing 9","turquoise"
"ENSMUSG00000034566",0.849927671261883,0.447297369943175,"Atp5h","11","ATP synthase, H+ transporting, mitochondrial F0 complex, subunit D","turquoise"
"ENSMUSG00000034570",0.815951070200172,0.472600216659655,"Inpp5j","11","inositol polyphosphate 5-phosphatase J","turquoise"
"ENSMUSG00000034714",0.827401129227413,0.686900567163238,"Ttyh2","11","tweety family member 2","turquoise"
"ENSMUSG00000035048",0.926883927436335,0.620266952467085,"Anapc13","9","anaphase promoting complex subunit 13","turquoise"
"ENSMUSG00000035864",0.819215614549824,0.438690911072745,"Syt1","10","synaptotagmin I","turquoise"
"ENSMUSG00000035885",0.852400770321143,0.430938858970075,"Cox8a","19","cytochrome c oxidase subunit 8A","turquoise"
"ENSMUSG00000035891",0.898010582091047,0.532929469610971,"Cerk","15","ceramide kinase","turquoise"
"ENSMUSG00000035901",0.831625831621099,0.596293246152177,"Dennd5a","7","DENN/MADD domain containing 5A","turquoise"
"ENSMUSG00000036199",0.869758264651568,0.587535132945534,"Ndufa13","8","NADH:ubiquinone oxidoreductase subunit A13","turquoise"
"ENSMUSG00000036503",0.842775655142478,0.444370274242626,"Rnf13","3","ring finger protein 13","turquoise"
"ENSMUSG00000036634",0.800928534239917,0.696982897565247,"Mag","7","myelin-associated glycoprotein","turquoise"
"ENSMUSG00000036745",0.886020485650656,0.518827010719195,"Ttll7","3","tubulin tyrosine ligase-like family, member 7","turquoise"
"ENSMUSG00000036751",0.914067261926008,0.526527878815724,"Cox6b1","7","cytochrome c oxidase, subunit 6B1","turquoise"
"ENSMUSG00000036752",0.887316634539553,0.456324213580698,"Tubb4b","2","tubulin, beta 4B class IVB","turquoise"
"ENSMUSG00000037149",0.814715766529948,0.583947722010592,"Ddx1","12","DEAD box helicase 1","turquoise"
"ENSMUSG00000037152",0.887500598569792,0.589295872026008,"Ndufc1","3","NADH:ubiquinone oxidoreductase subunit C1","turquoise"
"ENSMUSG00000037242",0.838585685647061,0.60839691059669,"Clic4","4","chloride intracellular channel 4 (mitochondrial)","turquoise"
"ENSMUSG00000037419",0.802871746617212,0.704582620428761,"Endod1","9","endonuclease domain containing 1","turquoise"
"ENSMUSG00000037625",0.836165816648885,0.692659311054706,"Cldn11","3","claudin 11","turquoise"
"ENSMUSG00000037710",0.873348365268898,0.41598856213546,"Cisd1","10","CDGSH iron sulfur domain 1","turquoise"
"ENSMUSG00000037916",0.8406491251753,0.524274815769311,"Ndufv1","19","NADH:ubiquinone oxidoreductase core subunit V1","turquoise"
"ENSMUSG00000038370",0.806984291419049,0.334192986136071,"Pcp4l1","1","Purkinje cell protein 4-like 1","turquoise"
"ENSMUSG00000038375",0.839303739839414,0.504631378001891,"Trp53inp2","2","transformation related protein 53 inducible nuclear protein 2","turquoise"
"ENSMUSG00000038412",0.88798363463111,0.481511151563927,"Higd1a","9","HIG1 domain family, member 1A","turquoise"
"ENSMUSG00000038462",0.856661567089624,0.355321815833607,"Uqcrfs1","13","ubiquinol-cytochrome c reductase, Rieske iron-sulfur polypeptide 1","turquoise"
"ENSMUSG00000038486",0.909408378684837,0.637181056188428,"Sv2a","3","synaptic vesicle glycoprotein 2 a","turquoise"
"ENSMUSG00000038587",0.837500190674927,0.528439741695137,"Akap12","10","A kinase (PRKA) anchor protein (gravin) 12","turquoise"
"ENSMUSG00000038605",0.808292684830259,0.44072217513408,"Samd10","2","sterile alpha motif domain containing 10","turquoise"
"ENSMUSG00000038668",0.816573916996408,0.712946170746924,"Lpar1","4","lysophosphatidic acid receptor 1","turquoise"
"ENSMUSG00000038690",0.886876129577407,0.517251910152703,"Atp5j2","5","ATP synthase, H+ transporting, mitochondrial F0 complex, subunit F2","turquoise"
"ENSMUSG00000039252",0.870684499019569,0.503436024256362,"Lgi2","5","leucine-rich repeat LGI family, member 2","turquoise"
"ENSMUSG00000039601",0.902323419383318,0.65157933241433,"Rcan2","17","regulator of calcineurin 2","turquoise"
"ENSMUSG00000039682",0.885661680933699,0.587049943768676,"Lap3","5","leucine aminopeptidase 3","turquoise"
"ENSMUSG00000040048",0.832976717470906,0.497040606993474,"Ndufb10","17","NADH:ubiquinone oxidoreductase subunit B10","turquoise"
"ENSMUSG00000041028",0.894156241226464,0.569731392660285,"Ghitm","14","growth hormone inducible transmembrane protein","turquoise"
"ENSMUSG00000041607",0.840457005216563,0.681759696100003,"Mbp","18","myelin basic protein","turquoise"
"ENSMUSG00000041697",0.868694516111538,0.378034652718466,"Cox6a1","5","cytochrome c oxidase subunit 6A1","turquoise"
"ENSMUSG00000042105",0.813768040318165,0.69151056052851,"Inpp5f","7","inositol polyphosphate-5-phosphatase F","turquoise"
"ENSMUSG00000042109",0.854057116690563,0.475522716083821,"Csdc2","15","cold shock domain containing C2, RNA binding","turquoise"
"ENSMUSG00000042115",0.832446794050639,0.48584661936409,"Klhdc8a","1","kelch domain containing 8A","turquoise"
"ENSMUSG00000042182",0.809779358479208,0.428128587510739,"Bend6","1","BEN domain containing 6","turquoise"
"ENSMUSG00000042671",0.818392714874287,0.497665266564305,"Rgs8","1","regulator of G-protein signaling 8","turquoise"
"ENSMUSG00000043733",0.805269977860274,0.691341061650371,"Ptpn11","5","protein tyrosine phosphatase, non-receptor type 11","turquoise"
"ENSMUSG00000044708",0.829010046930374,0.606988918558028,"Kcnj10","1","potassium inwardly-rectifying channel, subfamily J, member 10","turquoise"
"ENSMUSG00000044734",0.812842602739761,0.707104093576511,"Serpinb1a","13","serine (or cysteine) peptidase inhibitor, clade B, member 1a","turquoise"
"ENSMUSG00000045034",0.810869439636557,0.429058514063707,"Ankrd34b","13","ankyrin repeat domain 34B","turquoise"
"ENSMUSG00000045160",0.838556462900562,0.434818390961867,"Bola3","6","bolA-like 3 (E. coli)","turquoise"
"ENSMUSG00000045613",0.880823028610214,0.589513395134642,"Chrm2","6","cholinergic receptor, muscarinic 2, cardiac","turquoise"
"ENSMUSG00000046160",0.825279510071076,0.57827077903776,"Olig1","16","oligodendrocyte transcription factor 1","turquoise"
"ENSMUSG00000047126",0.812868471035272,0.442707310903449,"Cltc","11","clathrin, heavy polypeptide (Hc)","turquoise"
"ENSMUSG00000047459",0.804504191095826,0.533660351234004,"Dynlrb1","2","dynein light chain roadblock-type 1","turquoise"
"ENSMUSG00000047547",0.807877307565112,0.378468087179209,"Cltb","13","clathrin, light polypeptide (Lcb)","turquoise"
"ENSMUSG00000048022",0.838882127989344,0.648548739587094,"Tmem229a","6","transmembrane protein 229A","turquoise"
"ENSMUSG00000048100",0.802919739842225,0.462106960799796,"Taf13","3","TATA-box binding protein associated factor 13","turquoise"
"ENSMUSG00000048142",0.865000242289471,0.556084214618681,"Nat8l","5","N-acetyltransferase 8-like","turquoise"
"ENSMUSG00000049422",0.876508024847207,0.595102153173251,"Chchd10","10","coiled-coil-helix-coiled-coil-helix domain containing 10","turquoise"
"ENSMUSG00000050043",0.854088046928261,0.440144064371674,"Tmx2","2","thioredoxin-related transmembrane protein 2","turquoise"
"ENSMUSG00000050830",0.819181810804819,0.43748284351444,"Vwc2","11","von Willebrand factor C domain containing 2","turquoise"
"ENSMUSG00000052852",0.812828202056067,0.275515294973865,"Reep1","6","receptor accessory protein 1","turquoise"
"ENSMUSG00000053552",0.837007299763474,0.517287901782517,"Ebf4","2","early B cell factor 4","turquoise"
"ENSMUSG00000053768",0.806631423852997,0.634691544884819,"Chchd3","6","coiled-coil-helix-coiled-coil-helix domain containing 3","turquoise"
"ENSMUSG00000055733",0.818618438643427,0.66536616201258,"Nap1l3","X","nucleosome assembly protein 1-like 3","turquoise"
"ENSMUSG00000055945",0.861884316518751,0.647035061884524,"Prr18","17","proline rich 18","turquoise"
"ENSMUSG00000057455",0.889736254339557,0.606679201973351,"Rit2","18","Ras-like without CAAX 2","turquoise"
"ENSMUSG00000057766",0.843553242749485,0.470632091163126,"Ankrd29","18","ankyrin repeat domain 29","turquoise"
"ENSMUSG00000057880",0.826772991697134,0.519097330737946,"Abat","16","4-aminobutyrate aminotransferase","turquoise"
"ENSMUSG00000059734",0.816058739762417,0.498828217095891,"Ndufs8","19","NADH:ubiquinone oxidoreductase core subunit S8","turquoise"
"ENSMUSG00000059810",0.819790664199944,0.578889043906139,"Rgs3","4","regulator of G-protein signaling 3","turquoise"
"ENSMUSG00000060240",0.910151105706779,0.423436277779757,"Cend1","7","cell cycle exit and neuronal differentiation 1","turquoise"
"ENSMUSG00000061273",0.819849081981709,0.742052819462443,"Mmgt1","X","membrane magnesium transporter 1","turquoise"
"ENSMUSG00000061518",0.802940355323919,0.374689046557324,"Cox5b","1","cytochrome c oxidase subunit 5B","turquoise"
"ENSMUSG00000061904",0.945043590055587,0.546647941405361,"Slc25a3","10","solute carrier family 25 (mitochondrial carrier, phosphate carrier), member 3","turquoise"
"ENSMUSG00000062070",0.868270588392597,0.317468759233351,"Pgk1","X","phosphoglycerate kinase 1","turquoise"
"ENSMUSG00000062270",0.802396713716192,0.494572371307477,"Morf4l1","9","mortality factor 4 like 1","turquoise"
"ENSMUSG00000062373",0.808299200733224,0.531752496193369,"Tmem65","15","transmembrane protein 65","turquoise"
"ENSMUSG00000062380",0.82018600211581,0.401248742294835,"Tubb3","8","tubulin, beta 3 class III","turquoise"
"ENSMUSG00000062591",0.878088990606921,0.714902311170386,"Tubb4a","17","tubulin, beta 4A class IVA","turquoise"
"ENSMUSG00000063015",0.955924213799718,0.608465134606457,"Ccni","5","cyclin I","turquoise"
"ENSMUSG00000063253",0.815361632527755,0.290170110177311,"Scoc","8","short coiled-coil protein","turquoise"
"ENSMUSG00000063882",0.921381472441252,0.559151683566483,"Uqcrh","4","ubiquinol-cytochrome c reductase hinge protein","turquoise"
"ENSMUSG00000064329",0.870422225763313,0.49376370656475,"Scn1a","2","sodium channel, voltage-gated, type I, alpha","turquoise"
"ENSMUSG00000068184",0.803709934307475,0.48075889146992,"Ndufaf2","13","NADH:ubiquinone oxidoreductase complex assembly factor 2","turquoise"
"ENSMUSG00000068739",0.845189758680347,0.580401578122462,"Sars","3","seryl-aminoacyl-tRNA synthetase","turquoise"
"ENSMUSG00000068923",0.854133411562415,0.629231327487571,"Syt11","3","synaptotagmin XI","turquoise"
"ENSMUSG00000069769",0.818144384588171,0.539798726121206,"Msi2","11","musashi RNA-binding protein 2","turquoise"
"ENSMUSG00000071415",0.817945041369527,0.61330945538364,"Rpl23","11","ribosomal protein L23","turquoise"
"ENSMUSG00000073616",0.862114657458137,0.531628072759983,"Cops9","1","COP9 signalosome subunit 9","turquoise"
"ENSMUSG00000076439",0.875133158085641,0.71095910811764,"Mog","17","myelin oligodendrocyte glycoprotein","turquoise"
"ENSMUSG00000078771",0.819049639206567,0.624203560503218,"Evi2a","11","ecotropic viral integration site 2a","turquoise"
"ENSMUSG00000083679",0.803578044332092,0.611912618653972,"Gm12892","4","predicted gene 12892","turquoise"
"ENSMUSG00000090223",0.869363733069747,0.554632730312539,"Pcp4","16","Purkinje cell protein 4","turquoise"
"ENSMUSG00000090546",0.869951609440248,0.566414264821559,"Cdr1","X","cerebellar degeneration related antigen 1","turquoise"
"ENSMUSG00000096225",0.850517651850715,0.530999505887399,"Lhx8","3","LIM homeobox protein 8","turquoise"
"ENSMUSG00000100241",0.840683842052335,0.580330776422587,"Slc18a3","14","solute carrier family 18 (vesicular monoamine), member 3","turquoise"
"ENSMUSG00000116138",0.863952463220747,0.544627197273313,"C030006K11Rik","15","RIKEN cDNA C030006K11 gene","turquoise"
"ENSMUSG00000028484",0.821995823832288,0.492603246412921,"Psip1","4","PC4 and SFRS1 interacting protein 1","darkorange"
"ENSMUSG00000057113",0.813291187458638,0.602418626351134,"Npm1","11","nucleophosmin 1","darkorange"
"ENSMUSG00000002265",0.860171909710444,0.327841687113931,"Peg3","7","paternally expressed 3","green"
"ENSMUSG00000015709",0.88745894877515,0.440774718133319,"Arnt2","7","aryl hydrocarbon receptor nuclear translocator 2","green"
"ENSMUSG00000018822",0.87137093238259,0.425370762459236,"Sfrp5","19","secreted frizzled-related sequence protein 5","green"
"ENSMUSG00000019124",0.87017605183005,0.578449100854453,"Scrn1","6","secernin 1","green"
"ENSMUSG00000020160",0.852433272720492,0.355874281875582,"Meis1","11","Meis homeobox 1","green"
"ENSMUSG00000021047",0.888529181555163,0.251171008843136,"Nova1","12","NOVA alternative splicing regulator 1","green"
"ENSMUSG00000021838",0.89889893902609,0.280781011682773,"Samd4","14","sterile alpha motif domain containing 4","green"
"ENSMUSG00000024008",0.871180064842047,0.3073223964813,"Cpne5","17","copine V","green"
"ENSMUSG00000024423",0.89032363496669,0.46435312053638,"Impact","18","impact, RWD domain protein","green"
"ENSMUSG00000025905",0.81453005927915,0.523443627651221,"Oprk1","1","opioid receptor, kappa 1","green"
"ENSMUSG00000026458",0.929102685653922,0.428876738871281,"Ppfia4","1","protein tyrosine phosphatase, receptor type, f polypeptide (PTPRF), interacting protein (liprin), alpha 4","green"
"ENSMUSG00000026883",0.858438987279141,0.435332404723357,"Dab2ip","2","disabled 2 interacting protein","green"
"ENSMUSG00000027965",0.811500022735107,0.583773302924361,"Olfm3","3","olfactomedin 3","green"
"ENSMUSG00000029093",0.829885948011787,0.384254555953113,"Sorcs2","5","sortilin-related VPS10 domain containing receptor 2","green"
"ENSMUSG00000029705",0.846071069330229,0.463699413822768,"Cux1","5","cut-like homeobox 1","green"
"ENSMUSG00000029757",0.822054099640302,0.452317935489004,"Dync1i1","6","dynein cytoplasmic 1 intermediate chain 1","green"
"ENSMUSG00000030272",0.899695067576415,0.232908704906007,"Camk1","6","calcium/calmodulin-dependent protein kinase I","green"
"ENSMUSG00000031026",0.876740949355216,0.334543127493114,"Trim66","7","tripartite motif-containing 66","green"
"ENSMUSG00000031561",0.814810841025383,0.289856403286095,"Tenm3","8","teneurin transmembrane protein 3","green"
"ENSMUSG00000031709",0.891476898995022,0.571759827181469,"Tbc1d9","8","TBC1 domain family, member 9","green"
"ENSMUSG00000032890",0.918688592287048,0.280404495570956,"Rims3","4","regulating synaptic membrane exocytosis 3","green"
"ENSMUSG00000036298",0.831218453479776,0.423667849925532,"Slc2a13","15","solute carrier family 2 (facilitated glucose transporter), member 13","green"
"ENSMUSG00000036782",0.937721955191222,0.268535557298106,"Klhl13","X","kelch-like 13","green"
"ENSMUSG00000037259",0.94230660964626,0.494029214141475,"Dzank1","2","double zinc ribbon and ankyrin repeat domains 1","green"
"ENSMUSG00000038718",0.940086595761613,0.416537322159149,"Pbx3","2","pre B cell leukemia homeobox 3","green"
"ENSMUSG00000039089",0.815361242402747,0.212275972384532,"L3mbtl3","10","L3MBTL3 histone methyl-lysine binding protein","green"
"ENSMUSG00000039385",0.834018830186353,0.465095411461073,"Cdh6","15","cadherin 6","green"
"ENSMUSG00000040035",0.80024183620628,0.431854277646396,"Disp2","2","dispatched RND tramsporter family member 2","green"
"ENSMUSG00000040097",0.849850255713528,0.638291562511978,"Flywch1","17","FLYWCH-type zinc finger 1","green"
"ENSMUSG00000040258",0.826388219706963,0.335798168943663,"Nxph4","10","neurexophilin 4","green"
"ENSMUSG00000040785",0.811403390608096,0.396459426858375,"Ttc3","16","tetratricopeptide repeat domain 3","green"
"ENSMUSG00000041423",0.827224284764395,0.529506375962172,"Paqr6","3","progestin and adipoQ receptor family member VI","green"
"ENSMUSG00000042804",0.88734365238381,0.562836464323491,"Gpr153","4","G protein-coupled receptor 153","green"
"ENSMUSG00000043154",0.85622641882163,0.50094597163404,"Ppp2r3a","9","protein phosphatase 2, regulatory subunit B'', alpha","green"
"ENSMUSG00000043388",0.831728584130625,0.406630159536031,"Tmem130","5","transmembrane protein 130","green"
"ENSMUSG00000044365",0.855034057003071,0.421213465476602,"Cxxc4","3","CXXC finger 4","green"
"ENSMUSG00000046844",0.93404774224237,0.443393878496747,"Vat1l","8","vesicle amine transport protein 1 like","green"
"ENSMUSG00000047842",0.806521945805652,0.525367580098158,"Diras2","13","DIRAS family, GTP-binding RAS-like 2","green"
"ENSMUSG00000047907",0.939973265166236,0.397060361531976,"Tshz2","2","teashirt zinc finger family member 2","green"
"ENSMUSG00000050069",0.857809921009587,0.250907861483164,"Grem2","1","gremlin 2, DAN family BMP antagonist","green"
"ENSMUSG00000050379",0.806919832569707,0.585821975453864,"Septin6","X","septin 6","green"
"ENSMUSG00000050711",0.87154885216159,0.429713654862102,"Scg2","1","secretogranin II","green"
"ENSMUSG00000052364",0.846834990932579,0.708284008894973,"B630019K06Rik","X","RIKEN cDNA B630019K06 gene","green"
"ENSMUSG00000054459",0.86493761167573,0.446861044441352,"Vsnl1","12","visinin-like 1","green"
"ENSMUSG00000055026",0.865398394284009,0.358148591217516,"Gabrg3","7","gamma-aminobutyric acid (GABA) A receptor, subunit gamma 3","green"
"ENSMUSG00000055430",0.878660872146273,0.52112315683839,"Nap1l5","6","nucleosome assembly protein 1-like 5","green"
"ENSMUSG00000056947",0.843079640669083,0.432811968615055,"Mab21l1","3","mab-21-like 1","green"
"ENSMUSG00000059323",0.837157459529991,0.637562237892799,"Tonsl","15","tonsoku-like, DNA repair protein","green"
"ENSMUSG00000059361",0.832754957370141,0.406296351050393,"Nrsn2","2","neurensin 2","green"
"ENSMUSG00000059857",0.819639330217027,0.248654316892634,"Ntng1","3","netrin G1","green"
"ENSMUSG00000061576",0.841022936741174,0.432066173469516,"Dpp6","5","dipeptidylpeptidase 6","green"
"ENSMUSG00000061702",0.911109302744263,0.360406414469016,"Tmem91","7","transmembrane protein 91","green"
"ENSMUSG00000062098",0.819805847965322,0.228584014156785,"Btbd3","2","BTB (POZ) domain containing 3","green"
"ENSMUSG00000072704",0.825716522553661,0.404061032194922,"Smim10l1","6","small integral membrane protein 10 like 1","green"
"ENSMUSG00000075324",0.836461524571337,0.293426089743747,"Fign","2","fidgetin","green"
"ENSMUSG00000030579",0.803098291157367,0.473050254426008,"Tyrobp","7","TYRO protein tyrosine kinase binding protein","paleturquoise"
"ENSMUSG00000038642",0.814238369936464,0.515463596163856,"Ctss","3","cathepsin S","paleturquoise"
