"ID","Description","GeneRatio","BgRatio","pvalue","p.adjust","qvalue","geneID","Count","module"
"GO:0050808","synapse organization",0.0749279538904899,0.0171444436732144,5.06343006352673e-19,2.32613977118418e-15,1.80631205108338e-15,"Cttnbp2/Pdgfb/Igf1r/Mef2c/Neurl1a/Chrd/Etv5/Prrt1/Wasf1/Rock2/Sybu/Ptk2/Nfatc4/Baiap2/Nptx1/Cnksr2/Itpka/Adgrb2/Plxnd1/Grin2b/Caprin2/Slc8a2/Gpc4/Cdkl5/Cbln1/Nectin1/Bsn/Camkv/Gabrb3/Dbn1/Unc13a/Filip1/Eef2k/Pcdh17/Zfp365/Abhd17c/Reln/Synpo/Cdk5r1/Efna5/Prkca/Il1rapl1/Shisa7/Cacnb2/Grin2a/Lrrtm1/Kalrn/Nlgn1/Syngap1/Sptbn2/Bhlhb9/Pcdhgc5",52,"brown"
"GO:0034329","cell junction assembly",0.053314121037464,0.0153050600402582,6.09531338519268e-11,4.6669782819292e-08,3.62403808112596e-08,"Pdgfb/Mef2c/Actn1/Rock2/Ocln/Dmtn/Ptk2/Dlg1/Nedd4l/Slk/Nptx1/Pkp4/Pip5k1a/Mpdz/Adgrb2/Plxnd1/Gpc4/Cbln1/Nectin1/Smad3/Bsn/Gabrb3/Eef2k/Pcdh17/Coro2b/Pkp2/Reln/Efna5/Prkca/Il1rapl1/Ptk2b/Lrrtm1/Nlgn1/Sptbn2/Bhlhb9/Cldn34c1/Cldn34c2",37,"brown"
"GO:0048167","regulation of synaptic plasticity",0.0504322766570605,0.0131186228916499,1.3269776973269e-11,1.21922710830396e-08,9.46763666577027e-09,"Mef2c/Neurl1a/Chrd/Prrt1/Cyp46a1/Nfatc4/Camk2a/Syt7/Rin1/Baiap2/Cplx2/Itpka/Calb1/Ncdn/Grin2b/Slc8a2/Cbln1/Ptgs2/Dbn1/Unc13a/Pmch/Lzts1/Iqsec2/Reln/Synpo/Rgs14/Shisa7/Pirb/Grin2a/Ptk2b/Lrrtm1/Kalrn/Mapk1/Nlgn1/Syngap1",35,"brown"
"GO:0034765","regulation of ion transmembrane transport",0.0461095100864553,0.0172832650794753,6.09849533190936e-07,8.75515236087238e-05,6.79861864468448e-05,"Tgfb1/Mef2c/Clic1/Prrt1/Kcnq2/Mink1/Dapk1/Dlg1/Diaph1/Nedd4l/Kcnip2/Cx3cl1/Pkd2/Wnk4/Slc30a1/Cacna2d1/Kcns1/Reln/Kcnj12/Kcnj4/Prkce/Prkca/Cemip/Cacnb2/Grin2a/Ptk2b/Hspa2/Kcnma1/Nlgn1/Ano6/Kcng1/Kcnip3",32,"brown"
"GO:0050803","regulation of synapse structure or activity",0.0446685878962536,0.00940515027417228,8.38781633110364e-13,1.92668141125451e-09,1.49612155505843e-09,"Cttnbp2/Mef2c/Neurl1a/Etv5/Sybu/Ptk2/Nfatc4/Baiap2/Nptx1/Itpka/Adgrb2/Grin2b/Caprin2/Gpc4/Cdkl5/Cbln1/Nectin1/Camkv/Dbn1/Eef2k/Abhd17c/Reln/Cdk5r1/Efna5/Prkca/Il1rapl1/Lrrtm1/Kalrn/Nlgn1/Syngap1/Bhlhb9",31,"brown"
"GO:0007264","small GTPase mediated signal transduction",0.0432276657060519,0.0149580065246061,2.56998029013356e-07,5.13325628385807e-05,3.98611588250006e-05,"Tiam1/Map2k1/Wasf1/Kitl/Rock2/Rab15/Net1/Nisch/Arhgap31/Plce1/Baiap2/Rgl1/Ralgps2/Auts2/Rasgef1a/Sipa1l3/Cdh13/Dock4/Rap2b/Rap1gap2/Itpkb/Garnl3/Iqsec2/Reln/Ccdc125/Prag1/Cdc42se2/Chn1/Kalrn/Syngap1",30,"brown"
"GO:0050767","regulation of neurogenesis",0.0432276657060519,0.0157909349621712,8.03199806407132e-07,0.000103032379135601,8.00075001467707e-05,"Sema6b/Tiam1/Tgfb1/Efnb3/Map2k1/Neurl1a/Rnf112/Etv5/Ptk2/Nfatc4/Baiap2/Itpka/Ski/Plxnd1/Caprin2/Cdkl5/Cx3cl1/Dbn1/Eef2k/Zfp365/Reln/Trim46/Cdk5r1/Efna5/Rgs14/Il1rapl1/Yap1/Kalrn/Syngap1/Bhlhb9",30,"brown"
"GO:0007409","axonogenesis",0.0432276657060519,0.0171097383216492,4.08180472584827e-06,0.000307406736238475,0.000238709857047451,"Sema6b/Tiam1/Efnb3/Map2k1/Igf1r/Mef2c/Nfib/Ttc8/Ptk2/Rnf165/Nptx1/Auts2/Plxnd1/Cdkl5/Nectin1/Dscaml1/Dbn1/Reln/Trim46/Plppr4/Cdk5r1/Efna5/Tenm2/Prkca/Slit3/Chn1/Unc5c/Zic2/Kalrn/Syngap1",30,"brown"
"GO:0050807","regulation of synapse organization",0.0417867435158501,0.00912750746165059,1.14551277393839e-11,1.21922710830396e-08,9.46763666577027e-09,"Cttnbp2/Mef2c/Neurl1a/Etv5/Ptk2/Nfatc4/Baiap2/Nptx1/Itpka/Adgrb2/Grin2b/Caprin2/Gpc4/Cdkl5/Cbln1/Nectin1/Camkv/Dbn1/Eef2k/Abhd17c/Reln/Cdk5r1/Efna5/Prkca/Il1rapl1/Lrrtm1/Kalrn/Nlgn1/Bhlhb9",29,"brown"
"GO:0010959","regulation of metal ion transport",0.0417867435158501,0.0154785867980843,1.6145075684423e-06,0.000151368321824978,0.000117541700310439,"Pdgfb/Il16/Tgfb1/Per1/Dlg1/Mylk/Diaph1/Nedd4l/Camk2a/Kcnip2/Gnao1/Cx3cl1/Ptgs2/Pkd2/Wnk4/Slc30a1/Cacna2d1/Kcns1/Prkce/Hcrt/Mchr1/Cemip/Cacnb2/Ptk2b/Hspa2/Hsd3b2/Gramd2/Kcng1/Kcnip3",29,"brown"
"GO:0022604","regulation of cell morphogenesis",0.0403458213256484,0.0117304088290414,1.73422463568034e-08,6.63918998026291e-06,5.15551516694796e-06,"Mov10/Fbln1/Net1/Dmtn/Ptk2/Dlg1/Diaph1/Nedd4l/Baiap2/Itpka/Shroom3/Plxnd1/Caprin2/Cdkl5/Gas7/Dbn1/Unc13a/Eef2k/Fmnl2/Reln/Efna5/Prag1/Cdc42se2/Il1rapl1/Unc13d/Ptk2b/Kalrn/Bhlhb9",28,"brown"
"GO:0033674","positive regulation of kinase activity",0.0403458213256484,0.0150968279308669,2.95482699528127e-06,0.000234042676143485,0.00018174062952828,"Ccnd2/Pdgfb/Tgfb1/Map2k1/Igf1r/Neurl1a/Kitl/Rad50/Camkk1/Ptk2/Dlg1/Ccny/Prrc1/Nab2/Ltk/Ptpn1/Prkag2/Pdgfra/Camkk2/Slc8a2/Malt1/Pkd2/Reln/Nek10/Cdk5r1/Cemip/Ptk2b/Mas1",28,"brown"
"GO:0051962","positive regulation of nervous system development",0.0389048991354467,0.0124592212119109,2.23003304842915e-07,4.65671446567433e-05,3.61606794312268e-05,"Tiam1/Tgfb1/Map2k1/Neurl1a/Rnf112/Etv5/Ptk2/Baiap2/Itpka/Adgrb2/Plxnd1/Caprin2/Cdkl5/Cbln1/Cx3cl1/Dbn1/Eef2k/Zfp365/Reln/Efna5/Prkca/Rgs14/Il1rapl1/Lrrtm1/Kalrn/Nlgn1/Bhlhb9",27,"brown"
"GO:1990778","protein localization to cell periphery",0.0389048991354467,0.0128409800791282,4.05276177501187e-07,6.20612919813484e-05,4.81923145807552e-05,"Tamalin/Tgfb1/Map2k1/Rock2/Ttc8/Rab15/Dlg1/Camk2a/Rab40b/Nptx1/Rab40c/Lin7c/Snap23/Pip5k1a/Fam126a/Prkg2/Rilpl2/Gpc4/Zdhhc23/Iqsec2/Pkp2/Vamp8/Cacnb2/Grin2a/Exoc5/Kalrn/Kcnip3",27,"brown"
"GO:0001655","urogenital system development",0.0389048991354467,0.0134309710557368,9.70621649822701e-07,0.000114334252802192,8.87837185222438e-05,"Pdgfb/Tgfb1/Igf1r/Mef2c/Qrich1/Esr1/Nle1/Ttc8/Dlg1/Adamts1/Plce1/Eya1/Calb1/Invs/Pdgfra/Mmp17/Plxnd1/Smad3/Pkd2/Tiparp/Wnk4/Timeless/Aqp11/Fat4/Yap1/Cntrl/Mpv17",27,"brown"
"GO:0006887","exocytosis",0.0389048991354467,0.0143680155479975,3.4716023069852e-06,0.000270314254208305,0.000209906515938856,"Stxbp2/Doc2b/Rab15/Trim9/Dmtn/Camk2a/Syt7/Cplx2/Nppc/Lin7c/Snap23/Prss12/Ctbp2/Exph5/Unc13a/Syt16/Prkce/Ccr2/Vamp8/Prkca/Il1rapl1/Unc13d/Exoc5/Scfd2/Nlgn1/Sptbn2/Cplane2",27,"brown"
"GO:0006816","calcium ion transport",0.0389048991354467,0.015270354688693,1.05483841830503e-05,0.000637622064959648,0.000495131218786117,"Pdgfb/Il16/Tgfb1/Mcur1/Mylk/Diaph1/Camk2a/Grin2b/Slc8a2/Trpm1/Gnao1/Cx3cl1/Ptgs2/Pkd2/Slc30a1/Cacna2d1/Prkce/Hcrt/Slc25a23/Mchr1/Cemip/Cacnb2/Grin2a/Ptk2b/Hspa2/Ano6/Gramd2",27,"brown"
"GO:0007015","actin filament organization",0.0389048991354467,0.0158950510168668,2.14581042065256e-05,0.0010953170080531,0.000850544036911291,"Actn1/Elmo2/Wasf1/Rock2/Cyria/Ttc8/Iqgap2/Dmtn/Dlg1/Diaph1/Baiap2/Shroom3/Mtpn/Cx3cl1/Smad3/Gas7/Myo5c/Diaph2/Dbn1/Mical2/Coro2b/Synpo/Prkce/Sptan1/Tmod3/Abi1/Ptk2b",27,"brown"
"GO:0099173","postsynapse organization",0.037463976945245,0.00718400777399875,7.02038499226541e-12,1.07505495514891e-08,8.34809990834648e-09,"Igf1r/Etv5/Rock2/Baiap2/Nptx1/Cnksr2/Itpka/Grin2b/Caprin2/Cdkl5/Cbln1/Dbn1/Eef2k/Zfp365/Abhd17c/Reln/Cdk5r1/Il1rapl1/Shisa7/Grin2a/Lrrtm1/Kalrn/Nlgn1/Syngap1/Sptbn2/Bhlhb9",26,"brown"
"GO:0010038","response to metal ion",0.037463976945245,0.0102380787117374,1.5946850925347e-08,6.63918998026291e-06,5.15551516694796e-06,"Fosb/Mef2c/Pgam2/Dmtn/Mylk/Nfatc4/Nedd4l/Syt7/Nptx1/Carf/Cnga3/Abcb6/Nek7/Aco1/Gabrb3/Pkd2/Slc30a1/Itpkb/Slc25a23/Kcnmb4/Grin2a/Kcnma1/Mapk1/Nlgn1/Fibin/Kcnip3",26,"brown"
"GO:0016358","dendrite development",0.037463976945245,0.011001596446172,6.83175577351606e-08,1.84618153079605e-05,1.43361116510501e-05,"Mef2c/Neurl1a/Rock2/Mink1/Dgkg/Nfatc4/Nedd4l/Camk2a/Baiap2/Itpka/Mpdz/Caprin2/Cdkl5/Dbn1/Eef2k/Lzts1/Zfp365/Camk1d/Reln/Cdk5r1/Il1rapl1/Abi1/Kalrn/Nlgn1/Syngap1/Bhlhb9",26,"brown"
"GO:0043087","regulation of GTPase activity",0.037463976945245,0.0119733462899979,3.5832635775065e-07,6.18661158477545e-05,4.80407548995348e-05,"Tiam1/Map2k1/Ttc8/Net1/Iqgap2/Rgl1/Ralgps2/Pkp4/Pip5k1a/Plxnd1/Rasgef1a/Sipa1l3/Cdkl5/Gnao1/Cx3cl1/Sh3bp4/Sgsm2/Rap1gap2/Garnl3/Efna5/Ccdc125/Rgs14/Chn1/Ptk2b/Kalrn/Syngap1",26,"brown"
"GO:0010720","positive regulation of cell development",0.037463976945245,0.0131186228916499,1.99719568569571e-06,0.000174550876603433,0.000135543597096679,"Tiam1/Tgfb1/Map2k1/Neurl1a/Rnf112/Etv5/Net1/Dmtn/Ptk2/Baiap2/Itpka/Plxnd1/Caprin2/Cdkl5/Cx3cl1/Dbn1/Eef2k/Zfp365/Rfx3/Reln/Efna5/Rgs14/Il1rapl1/Unc13d/Kalrn/Bhlhb9",26,"brown"
"GO:0060562","epithelial tube morphogenesis",0.037463976945245,0.0137086138682585,4.44394339344611e-06,0.000324055173801451,0.000251637830582938,"Tulp3/Tgfb1/Mef2c/Etv5/Esr1/Apaf1/Rock2/Fzd6/Dlg1/Nfatc4/Eya1/Ski/Pdgfra/Shroom3/Plxnd1/Smad3/Ppp3r1/Pkd2/Wnk4/Timeless/Zic5/Fat4/Yap1/Zic2/Cecr2/Med12",26,"brown"
"GO:0072001","renal system development",0.0360230547550432,0.0119733462899979,1.22987036672701e-06,0.000134524392017712,0.000104461921625009,"Pdgfb/Tgfb1/Mef2c/Qrich1/Nle1/Ttc8/Dlg1/Adamts1/Plce1/Eya1/Calb1/Invs/Pdgfra/Mmp17/Plxnd1/Smad3/Pkd2/Tiparp/Wnk4/Timeless/Aqp11/Fat4/Yap1/Cntrl/Mpv17",25,"brown"
"GO:0050890","cognition",0.0360230547550432,0.0124592212119109,2.51407369083535e-06,0.000209993718830865,0.000163065947143368,"Ccnd2/Lamb1/Mef2c/Chrd/Prrt1/Btg2/Nfatc4/Rin1/Calb1/Grin2b/Slc8a2/Ptgs2/Chrm1/Gabrb3/Reln/Synpo/Prkca/Rgs14/Shisa7/Thra/Pirb/Grin2a/Kalrn/Syngap1/Bhlhb9",25,"brown"
"GO:0042060","wound healing",0.0360230547550432,0.012979801485389,5.17040674115882e-06,0.000354520127893786,0.000275294712423995,"Pdgfb/Tgfb1/Fbln1/Hps5/Cd34/Lyst/Dmtn/Fzd6/Ptk2/Mylk/Syt7/Fermt3/Serpinc1/Col5a1/Pdgfra/Cx3cl1/Smad3/Rap2b/Ppl/Ajap1/Prkce/Ccr2/Prkca/Yap1/Ano6",25,"brown"
"GO:1904062","regulation of cation transmembrane transport",0.0360230547550432,0.0132227389463455,7.13178747925876e-06,0.00046256902568012,0.000359197678443262,"Tgfb1/Mef2c/Prrt1/Mink1/Dapk1/Dlg1/Diaph1/Nedd4l/Kcnip2/Cx3cl1/Pkd2/Wnk4/Slc30a1/Cacna2d1/Kcns1/Reln/Prkce/Cemip/Cacnb2/Grin2a/Ptk2b/Hspa2/Nlgn1/Kcng1/Kcnip3",25,"brown"
"GO:0007611","learning or memory",0.0345821325648415,0.0111751232039981,1.22019819959633e-06,0.000134524392017712,0.000104461921625009,"Ccnd2/Lamb1/Mef2c/Chrd/Prrt1/Btg2/Nfatc4/Rin1/Calb1/Grin2b/Slc8a2/Ptgs2/Gabrb3/Reln/Synpo/Prkca/Rgs14/Shisa7/Thra/Pirb/Grin2a/Kalrn/Syngap1/Bhlhb9",24,"brown"
"GO:0001822","kidney development",0.0345821325648415,0.0114527660165197,1.87752418114672e-06,0.000169124433101726,0.000131329813207559,"Pdgfb/Tgfb1/Mef2c/Qrich1/Nle1/Dlg1/Adamts1/Plce1/Eya1/Calb1/Invs/Pdgfra/Mmp17/Plxnd1/Smad3/Pkd2/Tiparp/Wnk4/Timeless/Aqp11/Fat4/Yap1/Cntrl/Mpv17",24,"brown"
"GO:0045860","positive regulation of protein kinase activity",0.0345821325648415,0.0124245158603457,7.56767912667554e-06,0.000469809701458749,0.000364820264015696,"Ccnd2/Pdgfb/Tgfb1/Map2k1/Neurl1a/Kitl/Camkk1/Ptk2/Dlg1/Ccny/Prrc1/Nab2/Ptpn1/Prkag2/Camkk2/Slc8a2/Malt1/Pkd2/Reln/Nek10/Cdk5r1/Cemip/Ptk2b/Mas1",24,"brown"
"GO:0031589","cell-substrate adhesion",0.0345821325648415,0.0129450961338238,1.49479667114473e-05,0.000798499524097544,0.000620057027969337,"Pdgfb/Tiam1/Lamb1/Fbln1/Actn1/Cd34/Mink1/Net1/Dmtn/Ptk2/Fermt3/Slk/Pip5k1a/Cdh13/Smad3/Dbn1/Megf9/Ajap1/Coro2b/Ecm2/Prkce/Efna5/Unc13d/Ptk2b",24,"brown"
"GO:0050878","regulation of body fluid levels",0.0345821325648415,0.0129450961338238,1.49479667114473e-05,0.000798499524097544,0.000620057027969337,"Pdgfb/Fbln1/Neurl1a/Hps5/Cd34/Lyst/Aloxe3/Dmtn/Npr3/Fzd6/Fermt3/Serpinc1/Pdgfra/Cx3cl1/Chrm1/Wnk4/Rap2b/Coro2b/Prkce/Vamp8/Prkca/Kalrn/Kcnma1/Ano6",24,"brown"
"GO:0050806","positive regulation of synaptic transmission",0.0331412103746398,0.0116262927743458,7.92380653224387e-06,0.000485359562788378,0.000376895162635431,"Chrd/Prrt1/Cyp46a1/Ptk2/Nfatc4/Calb1/Grin2b/Slc8a2/Ptgs2/Unc13a/Iqsec2/Reln/Prkce/Ccr2/Rgs14/Shisa7/Pirb/Grin2a/Ptk2b/Lrrtm1/Kalrn/Mapk1/Nlgn1",23,"brown"
"GO:0007265","Ras protein signal transduction",0.0331412103746398,0.0118692302353023,1.10747128540926e-05,0.000660743257814302,0.000513085466336565,"Tiam1/Map2k1/Wasf1/Kitl/Rock2/Rab15/Net1/Nisch/Plce1/Baiap2/Rgl1/Ralgps2/Auts2/Rasgef1a/Cdh13/Rap2b/Itpkb/Iqsec2/Ccdc125/Prag1/Cdc42se2/Kalrn/Syngap1",23,"brown"
"GO:0050769","positive regulation of neurogenesis",0.031700288184438,0.010342194766433,3.9246957251308e-06,0.000300500869354182,0.000233347259867865,"Tiam1/Tgfb1/Map2k1/Neurl1a/Rnf112/Etv5/Ptk2/Baiap2/Itpka/Plxnd1/Caprin2/Cdkl5/Cx3cl1/Dbn1/Eef2k/Zfp365/Reln/Efna5/Rgs14/Il1rapl1/Kalrn/Bhlhb9",22,"brown"
"GO:0007416","synapse assembly",0.0302593659942363,0.00669813285208579,1.00659229008593e-08,5.13809442294976e-06,3.98987283169735e-06,"Pdgfb/Mef2c/Ptk2/Nptx1/Adgrb2/Plxnd1/Gpc4/Cbln1/Nectin1/Bsn/Gabrb3/Eef2k/Pcdh17/Reln/Efna5/Prkca/Il1rapl1/Lrrtm1/Nlgn1/Sptbn2/Bhlhb9",21,"brown"
"GO:0006260","DNA replication",0.0302593659942363,0.00961338238356355,4.28833314760222e-06,0.00031775165290459,0.000246742971769506,"Pdgfb/Nfib/Pole2/Cinp/Donson/Terf1/Orc5/Rfc5/Rbbp7/Exd2/Wdr18/Dtl/Zfp365/Rmi2/Timeless/Pclaf/Stn1/Hcrt/Ticrr/Gen1/Mas1",21,"brown"
"GO:0048813","dendrite morphogenesis",0.0288184438040346,0.00648990074269452,3.01666205494877e-08,9.89896105745332e-06,7.68681782272284e-06,"Rock2/Mink1/Nfatc4/Nedd4l/Camk2a/Baiap2/Itpka/Caprin2/Cdkl5/Dbn1/Eef2k/Lzts1/Zfp365/Reln/Cdk5r1/Il1rapl1/Abi1/Kalrn/Nlgn1/Bhlhb9",20,"brown"
"GO:0046777","protein autophosphorylation",0.0288184438040346,0.00843340043034636,2.08102424146412e-06,0.000177041210468262,0.000137477410415632,"Pdgfb/Igf1r/Cad/Mapkapk2/Rad50/Mink1/Dapk1/Ptk2/Camk2a/Slk/Nek6/Pdgfra/Prkg2/Camkk2/Cdkl5/Eef2k/Rap2b/Nek10/Prkca/Ptk2b",20,"brown"
"GO:0043547","positive regulation of GTPase activity",0.0288184438040346,0.00888457000069411,4.60104897338752e-06,0.000330269046620973,0.000256463075177801,"Tiam1/Map2k1/Net1/Rgl1/Ralgps2/Pkp4/Pip5k1a/Rasgef1a/Sipa1l3/Cdkl5/Gnao1/Cx3cl1/Sgsm2/Rap1gap2/Garnl3/Ccdc125/Rgs14/Chn1/Ptk2b/Kalrn",20,"brown"
"GO:0051924","regulation of calcium ion transport",0.0288184438040346,0.00996043589921566,2.46314404686262e-05,0.00122996562513988,0.00095510242274799,"Pdgfb/Il16/Tgfb1/Mylk/Diaph1/Camk2a/Gnao1/Cx3cl1/Ptgs2/Pkd2/Slc30a1/Cacna2d1/Prkce/Hcrt/Mchr1/Cemip/Cacnb2/Ptk2b/Hspa2/Gramd2",20,"brown"
"GO:1901888","regulation of cell junction assembly",0.0273775216138329,0.0076351773443465,1.82866436927929e-06,0.000168017682249382,0.000130470390473422,"Mef2c/Rock2/Dmtn/Ptk2/Nedd4l/Slk/Nptx1/Adgrb2/Gpc4/Cbln1/Nectin1/Smad3/Eef2k/Efna5/Prkca/Il1rapl1/Lrrtm1/Nlgn1/Bhlhb9",19,"brown"
"GO:0006836","neurotransmitter transport",0.0273775216138329,0.00839869507878115,7.37361984805383e-06,0.000464033007972045,0.00036033450129855,"Stxbp2/Mef2c/Slc1a7/Doc2b/Trim9/Camk2a/Syt7/Cplx2/Lin7c/Snap23/Ctbp2/Unc13a/Slc30a1/Prkce/Hcrt/Prkca/Slc6a2/Nlgn1/Sptbn2",19,"brown"
"GO:0001505","regulation of neurotransmitter levels",0.0273775216138329,0.00881515929756368,1.46568895557095e-05,0.000798499524097544,0.000620057027969337,"Stxbp2/Mef2c/Slc1a7/Doc2b/Trim9/Camk2a/Syt7/Cplx2/Lin7c/Snap23/Ctbp2/Unc13a/Slc30a1/Prkce/Hcrt/Prkca/Slc6a2/Nlgn1/Sptbn2",19,"brown"
"GO:0097485","neuron projection guidance",0.0273775216138329,0.00898868605538974,1.92494070519955e-05,0.00100490654541895,0.000780337805014505,"Sema6b/Efnb3/Mef2c/Nfib/Ttc8/Rnf165/Dpysl4/Plxnd1/Nectin1/Dscaml1/Reln/Cdk5r1/Efna5/Tenm2/Slit3/Chn1/Unc5c/Zic2/Kalrn",19,"brown"
"GO:0051056","regulation of small GTPase mediated signal transduction",0.0259365994236311,0.00808634691469425,1.58588502452379e-05,0.000837420207202564,0.000650280017920282,"Map2k1/Kitl/Net1/Plce1/Ralgps2/Auts2/Rasgef1a/Sipa1l3/Rap1gap2/Itpkb/Garnl3/Iqsec2/Reln/Ccdc125/Prag1/Cdc42se2/Chn1/Syngap1",18,"brown"
"GO:0071241","cellular response to inorganic substance",0.0259365994236311,0.00829457902408551,2.23145216864258e-05,0.00112651552337846,0.00087477054939615,"Fosb/Mef2c/Dmtn/Mylk/Nfatc4/Syt7/Nptx1/Carf/Abcb6/Nek7/Gabrb3/Pkd2/Itpkb/Timeless/Slc25a23/Grin2a/Mapk1/Nlgn1",18,"brown"
"GO:0099175","regulation of postsynapse organization",0.0244956772334294,0.00385229402373846,1.41291206187978e-09,9.27274001753673e-07,7.20053981610613e-07,"Baiap2/Nptx1/Itpka/Grin2b/Caprin2/Cdkl5/Cbln1/Dbn1/Eef2k/Abhd17c/Reln/Cdk5r1/Il1rapl1/Lrrtm1/Kalrn/Nlgn1/Bhlhb9",17,"brown"
"GO:0071248","cellular response to metal ion",0.0244956772334294,0.00586520441452072,7.77509794340213e-07,0.000103032379135601,8.00075001467707e-05,"Fosb/Mef2c/Dmtn/Mylk/Nfatc4/Syt7/Nptx1/Carf/Abcb6/Nek7/Gabrb3/Pkd2/Itpkb/Slc25a23/Grin2a/Mapk1/Nlgn1",17,"brown"
"GO:0007269","neurotransmitter secretion",0.0244956772334294,0.0064204900395641,2.72961592292586e-06,0.000219997465788095,0.000170834134123652,"Stxbp2/Mef2c/Doc2b/Trim9/Camk2a/Syt7/Cplx2/Lin7c/Snap23/Ctbp2/Unc13a/Slc30a1/Prkce/Hcrt/Prkca/Nlgn1/Sptbn2",17,"brown"
"GO:0099643","signal release from synapse",0.0244956772334294,0.0064204900395641,2.72961592292586e-06,0.000219997465788095,0.000170834134123652,"Stxbp2/Mef2c/Doc2b/Trim9/Camk2a/Syt7/Cplx2/Lin7c/Snap23/Ctbp2/Unc13a/Slc30a1/Prkce/Hcrt/Prkca/Nlgn1/Sptbn2",17,"brown"
"GO:1902414","protein localization to cell junction",0.0230547550432277,0.00419934753939057,3.70558774727489e-08,1.13489800739872e-05,8.81279780737866e-06,"Tamalin/Map2k1/Dlg1/Camk2a/Baiap2/Nptx1/Snap23/Gpc4/Nectin1/Bsn/Iqsec2/Reln/Grin2a/Lrrtm1/Kalrn/Nlgn1",16,"brown"
"GO:0010769","regulation of cell morphogenesis involved in differentiation",0.0230547550432277,0.00423405289095579,4.17098217449747e-08,1.19759325685259e-05,9.29964380879732e-06,"Fbln1/Net1/Dmtn/Ptk2/Baiap2/Itpka/Caprin2/Cdkl5/Dbn1/Eef2k/Reln/Efna5/Il1rapl1/Unc13d/Kalrn/Bhlhb9",16,"brown"
"GO:0035418","protein localization to synapse",0.0216138328530259,0.00301936558617339,2.42495442021954e-09,1.39253007581107e-06,1.0813382276479e-06,"Tamalin/Map2k1/Dlg1/Camk2a/Baiap2/Nptx1/Snap23/Gpc4/Bsn/Iqsec2/Reln/Grin2a/Lrrtm1/Kalrn/Nlgn1",15,"brown"
"GO:0060996","dendritic spine development",0.0216138328530259,0.00451169570347748,5.99342550980008e-07,8.75515236087238e-05,6.79861864468448e-05,"Mef2c/Neurl1a/Camk2a/Baiap2/Itpka/Caprin2/Cdkl5/Dbn1/Eef2k/Zfp365/Reln/Cdk5r1/Kalrn/Nlgn1/Bhlhb9",15,"brown"
"GO:0050773","regulation of dendrite development",0.0216138328530259,0.00475463316443396,1.17840457951935e-06,0.000134524392017712,0.000104461921625009,"Dgkg/Nfatc4/Nedd4l/Baiap2/Itpka/Caprin2/Cdkl5/Dbn1/Eef2k/Lzts1/Camk1d/Reln/Il1rapl1/Kalrn/Bhlhb9",15,"brown"
"GO:2001257","regulation of cation channel activity",0.0216138328530259,0.00628166863330326,3.54397477126411e-05,0.00167845568032859,0.00130336739010462,"Mef2c/Prrt1/Mink1/Dapk1/Dlg1/Nedd4l/Pkd2/Cacna2d1/Kcns1/Reln/Cacnb2/Grin2a/Ptk2b/Nlgn1/Kcng1",15,"brown"
"GO:0097061","dendritic spine organization",0.0201729106628242,0.00350524050808635,1.44400150210104e-07,3.31687145032608e-05,2.5756426792739e-05,"Igf1r/Baiap2/Itpka/Grin2b/Caprin2/Dbn1/Eef2k/Zfp365/Reln/Cdk5r1/Grin2a/Kalrn/Nlgn1/Bhlhb9",14,"brown"
"GO:0099565","chemical synaptic transmission, postsynaptic",0.0201729106628242,0.00357465121121677,1.85317025025093e-07,4.05403053792989e-05,3.14806715694255e-05,"Mef2c/Baiap2/Grin2b/Slc8a2/Cbln1/Cx3cl1/Gabrb3/Dbn1/Reln/Hcrt/Anks1b/Grin2a/Ptk2b/Nlgn1",14,"brown"
"GO:0106027","neuron projection organization",0.0201729106628242,0.00378288332060804,3.78131636886286e-07,6.20405978519857e-05,4.81762450153242e-05,"Igf1r/Baiap2/Itpka/Grin2b/Caprin2/Dbn1/Eef2k/Zfp365/Reln/Cdk5r1/Grin2a/Kalrn/Nlgn1/Bhlhb9",14,"brown"
"GO:0051963","regulation of synapse assembly",0.0201729106628242,0.00419934753939057,1.3695188920719e-06,0.000136773256308224,0.000106208227122006,"Mef2c/Ptk2/Nptx1/Adgrb2/Gpc4/Cbln1/Nectin1/Eef2k/Efna5/Prkca/Il1rapl1/Lrrtm1/Nlgn1/Bhlhb9",14,"brown"
"GO:0010469","regulation of signaling receptor activity",0.0201729106628242,0.00510168668008607,1.35839829016529e-05,0.000770429845064118,0.000598260143647847,"Mef2c/Neurl1a/Prrt1/Mink1/Dapk1/Nptx1/Reln/Dlgap2/Cdk5r1/Shisa7/Grin2a/Ptk2b/Dlgap4/Nlgn1",14,"brown"
"GO:0072006","nephron development",0.0201729106628242,0.00544874019573818,2.85637495675649e-05,0.00139597729269567,0.0010840150871722,"Pdgfb/Tgfb1/Mef2c/Dlg1/Plce1/Eya1/Calb1/Pdgfra/Wnk4/Timeless/Aqp11/Fat4/Yap1/Mpv17",14,"brown"
"GO:0048168","regulation of neuronal synaptic plasticity",0.0187319884726225,0.00249878531269522,1.57839949411845e-08,6.63918998026291e-06,5.15551516694796e-06,"Neurl1a/Chrd/Camk2a/Ncdn/Grin2b/Slc8a2/Unc13a/Pmch/Synpo/Shisa7/Grin2a/Kalrn/Syngap1",13,"brown"
"GO:0097120","receptor localization to synapse",0.0187319884726225,0.00260290136739085,2.63753277766154e-08,9.32063506198239e-06,7.23773164655462e-06,"Tamalin/Map2k1/Dlg1/Camk2a/Nptx1/Snap23/Gpc4/Dbn1/Iqsec2/Reln/Anks1b/Kalrn/Nlgn1",13,"brown"
"GO:0048814","regulation of dendrite morphogenesis",0.0187319884726225,0.00322759769556466,3.63601464494856e-07,6.18661158477545e-05,4.80407548995348e-05,"Nfatc4/Nedd4l/Baiap2/Itpka/Caprin2/Cdkl5/Dbn1/Eef2k/Lzts1/Reln/Il1rapl1/Kalrn/Bhlhb9",13,"brown"
"GO:0140029","exocytic process",0.0187319884726225,0.00322759769556466,3.63601464494856e-07,6.18661158477545e-05,4.80407548995348e-05,"Stxbp2/Rab15/Dmtn/Camk2a/Syt7/Cplx2/Snap23/Ctbp2/Unc13a/Vamp8/Unc13d/Scfd2/Nlgn1",13,"brown"
"GO:0010770","positive regulation of cell morphogenesis involved in differentiation",0.0187319884726225,0.00360935656278198,1.34509901163758e-06,0.000136773256308224,0.000106208227122006,"Net1/Dmtn/Baiap2/Itpka/Caprin2/Cdkl5/Dbn1/Eef2k/Reln/Il1rapl1/Unc13d/Kalrn/Bhlhb9",13,"brown"
"GO:0035249","synaptic transmission, glutamatergic",0.0187319884726225,0.00406052613312973,5.11456981988808e-06,0.000354520127893786,0.000275294712423995,"Mef2c/Grin2b/Ptgs2/Unc13a/Grid1/Iqsec2/Reln/Plppr4/Ccr2/Grin2a/Ptk2b/Kalrn/Nlgn1",13,"brown"
"GO:0060078","regulation of postsynaptic membrane potential",0.0187319884726225,0.00409523148469494,5.62293093678533e-06,0.00037987859887635,0.000294986268494822,"Mef2c/Baiap2/Grin2b/Slc8a2/Cbln1/Cx3cl1/Gabrb3/Dbn1/Reln/Hcrt/Grin2a/Ptk2b/Nlgn1",13,"brown"
"GO:0099601","regulation of neurotransmitter receptor activity",0.0172910662824208,0.00239466925799958,8.71684598032575e-08,2.22473280186758e-05,1.72756672674409e-05,"Mef2c/Prrt1/Mink1/Dapk1/Nptx1/Reln/Dlgap2/Shisa7/Grin2a/Ptk2b/Dlgap4/Nlgn1",12,"brown"
"GO:0060998","regulation of dendritic spine development",0.0172910662824208,0.00294995488304297,9.15918795895617e-07,0.000113722458063364,8.83086429385561e-05,"Mef2c/Neurl1a/Baiap2/Itpka/Caprin2/Cdkl5/Dbn1/Eef2k/Reln/Kalrn/Nlgn1/Bhlhb9",12,"brown"
"GO:0061326","renal tubule development",0.0172910662824208,0.00374817796904283,1.17374443309244e-05,0.000691305375080342,0.000536817798076961,"Tgfb1/Mef2c/Ttc8/Dlg1/Eya1/Calb1/Pkd2/Wnk4/Timeless/Aqp11/Fat4/Yap1",12,"brown"
"GO:0060999","positive regulation of dendritic spine development",0.015850144092219,0.00225584785173874,4.01643277267089e-07,6.20612919813484e-05,4.81923145807552e-05,"Neurl1a/Baiap2/Itpka/Caprin2/Cdkl5/Dbn1/Eef2k/Reln/Kalrn/Nlgn1/Bhlhb9",11,"brown"
"GO:0060997","dendritic spine morphogenesis",0.015850144092219,0.00253349066426043,1.34124467090824e-06,0.000136773256308224,0.000106208227122006,"Baiap2/Itpka/Caprin2/Dbn1/Eef2k/Zfp365/Reln/Cdk5r1/Kalrn/Nlgn1/Bhlhb9",11,"brown"
"GO:0051966","regulation of synaptic transmission, glutamatergic",0.015850144092219,0.00294995488304297,6.19306062186682e-06,0.000412332181113858,0.000320187375248004,"Mef2c/Grin2b/Ptgs2/Iqsec2/Reln/Plppr4/Ccr2/Grin2a/Ptk2b/Kalrn/Nlgn1",11,"brown"
"GO:0060079","excitatory postsynaptic potential",0.015850144092219,0.00319289234399944,1.34010846236245e-05,0.000769557284511637,0.000597582576177151,"Mef2c/Baiap2/Grin2b/Slc8a2/Cbln1/Dbn1/Reln/Hcrt/Grin2a/Ptk2b/Nlgn1",11,"brown"
"GO:0061001","regulation of dendritic spine morphogenesis",0.0144092219020173,0.00194349968765184,8.07393480383464e-07,0.000103032379135601,8.00075001467707e-05,"Baiap2/Itpka/Caprin2/Dbn1/Eef2k/Reln/Cdk5r1/Kalrn/Nlgn1/Bhlhb9",10,"brown"
"GO:1903539","protein localization to postsynaptic membrane",0.0144092219020173,0.00194349968765184,8.07393480383464e-07,0.000103032379135601,8.00075001467707e-05,"Tamalin/Map2k1/Dlg1/Camk2a/Nptx1/Snap23/Gpc4/Iqsec2/Grin2a/Kalrn",10,"brown"
"GO:0062237","protein localization to postsynapse",0.0144092219020173,0.00197820503921705,9.58202480205809e-07,0.000114334252802192,8.87837185222438e-05,"Tamalin/Map2k1/Dlg1/Camk2a/Nptx1/Snap23/Gpc4/Iqsec2/Grin2a/Kalrn",10,"brown"
"GO:0050775","positive regulation of dendrite morphogenesis",0.0144092219020173,0.00204761574234747,1.33504319794319e-06,0.000136773256308224,0.000106208227122006,"Baiap2/Itpka/Caprin2/Cdkl5/Dbn1/Eef2k/Reln/Il1rapl1/Kalrn/Bhlhb9",10,"brown"
"GO:0071277","cellular response to calcium ion",0.0144092219020173,0.0027417227736517,1.98726537755806e-05,0.00102578619601143,0.000796551432826051,"Fosb/Mef2c/Dmtn/Mylk/Syt7/Carf/Pkd2/Itpkb/Slc25a23/Nlgn1",10,"brown"
"GO:0007215","glutamate receptor signaling pathway",0.0129682997118156,0.00163115152356493,1.55736902761885e-06,0.000149053194018354,0.000115743939355269,"Camk2a/Grin2b/Trpm1/Cx3cl1/Necab2/Unc13a/Cdk5r1/Grin2a/Kalrn",9,"brown"
"GO:0098815","modulation of excitatory postsynaptic potential",0.0129682997118156,0.00208232109391268,1.27864455528865e-05,0.000743556086961529,0.000577391925099701,"Baiap2/Grin2b/Slc8a2/Cbln1/Dbn1/Reln/Grin2a/Ptk2b/Nlgn1",9,"brown"
"GO:1902473","regulation of protein localization to synapse",0.0115273775216138,0.000902339140695495,1.15807350823419e-07,2.80009984043572e-05,2.17435519080646e-05,"Tamalin/Map2k1/Dlg1/Camk2a/Gpc4/Iqsec2/Kalrn/Nlgn1",8,"brown"
"GO:0061003","positive regulation of dendritic spine morphogenesis",0.0115273775216138,0.00100645519539113,2.98476239329784e-07,5.71333268117096e-05,4.43656129424842e-05,"Baiap2/Itpka/Caprin2/Dbn1/Eef2k/Reln/Kalrn/Bhlhb9",8,"brown"
"GO:0051968","positive regulation of synaptic transmission, glutamatergic",0.0115273775216138,0.00142291941417367,5.14881068446458e-06,0.000354520127893786,0.000275294712423995,"Grin2b/Ptgs2/Iqsec2/Reln/Ccr2/Grin2a/Ptk2b/Nlgn1",8,"brown"
"GO:1902683","regulation of receptor localization to synapse",0.0100864553314121,0.000867633789130284,1.50277004728105e-06,0.000146887778664024,0.000114062434271791,"Tamalin/Map2k1/Camk2a/Gpc4/Dbn1/Iqsec2/Kalrn",7,"brown"
"GO:0099010","modification of postsynaptic structure",0.0100864553314121,0.000902339140695495,2.01375630387069e-06,0.000174550876603433,0.000135543597096679,"Cttnbp2/Wasf1/Baiap2/Camkv/Filip1/Synpo/Kalrn",7,"brown"
"GO:0099633","protein localization to postsynaptic specialization membrane",0.0100864553314121,0.00107586589852155,7.24966692402452e-06,0.00046256902568012,0.000359197678443262,"Map2k1/Dlg1/Camk2a/Nptx1/Gpc4/Iqsec2/Kalrn",7,"brown"
"GO:0099645","neurotransmitter receptor localization to postsynaptic specialization membrane",0.0100864553314121,0.00107586589852155,7.24966692402452e-06,0.00046256902568012,0.000359197678443262,"Map2k1/Dlg1/Camk2a/Nptx1/Gpc4/Iqsec2/Kalrn",7,"brown"
"GO:0048013","ephrin receptor signaling pathway",0.0100864553314121,0.00117998195321719,1.3929416249099e-05,0.000770984798173024,0.000598691080129317,"Tiam1/Efnb3/Ptk2/Cdk5r1/Efna5/Chn1/Anks1b",7,"brown"
"GO:0099563","modification of synaptic structure",0.0100864553314121,0.00117998195321719,1.3929416249099e-05,0.000770984798173024,0.000598691080129317,"Cttnbp2/Wasf1/Baiap2/Camkv/Filip1/Synpo/Kalrn",7,"brown"
"GO:0071634","regulation of transforming growth factor beta production",0.0100864553314121,0.00131880335947803,3.00579799992558e-05,0.00143839958454772,0.00111695717343726,"Ltbp1/Fbln1/Cd34/Furin/Cx3cl1/Smad3/Ptgs2",7,"brown"
"GO:0097106","postsynaptic density organization",0.0100864553314121,0.00131880335947803,3.00579799992558e-05,0.00143839958454772,0.00111695717343726,"Nptx1/Cbln1/Dbn1/Reln/Lrrtm1/Nlgn1/Syngap1",7,"brown"
"GO:0016233","telomere capping",0.0100864553314121,0.00135350871104324,3.58764896751743e-05,0.00168180197518113,0.00130596588087181,"Rad50/Terf1/Nek7/Dclre1c/Dclre1b/Stn1/Mapk1",7,"brown"
"GO:2000310","regulation of NMDA receptor activity",0.00864553314121038,0.000937044492260707,3.67128200383099e-05,0.001703623184404,0.0013229106550753,"Mef2c/Dapk1/Reln/Grin2a/Ptk2b/Nlgn1",6,"brown"
"GO:0098696","regulation of neurotransmitter receptor localization to postsynaptic specialization membrane",0.00720461095100865,0.000555285625043382,2.79924187590905e-05,0.00138276528794905,0.00107375559903291,"Map2k1/Camk2a/Gpc4/Iqsec2/Kalrn",5,"brown"
"GO:0035235","ionotropic glutamate receptor signaling pathway",0.00720461095100865,0.000589990976608593,3.88704801633932e-05,0.00176802956307553,0.00137292399451526,"Camk2a/Grin2b/Cdk5r1/Grin2a/Kalrn",5,"brown"
"GO:0006887","exocytosis",0.0507246376811594,0.0143680155479975,1.04126028574088e-08,2.08564435233898e-05,1.77397870786485e-05,"Bloc1s6/Rab5a/Rab21/Exoc7/Glrx/Scamp1/Rab3c/Hgs/Syt2/Rasgrp1/Rab13/Vamp1/Sytl2/Syt3/Stx4a/Stx1b/Ap1g1/Lgi3/Exoc3/Rims4/Atp13a2/Sv2a/Chrm2/Rab11fip5/Sphk2/Dtnbp1/Kcnh1/Ncs1",28,"red"
"GO:0050808","synapse organization",0.0471014492753623,0.0171444436732144,4.13273243782024e-06,0.0023651037351297,0.00201167742875551,"Septin7/Ephb3/Cacna2d2/Gabra1/Cntnap1/Lgmn/Sncg/Ache/Cbln2/Glrb/Rheb/Mfn2/Rph3a/Rims4/Cdh8/Lgi2/Ckap5/Iqsec3/Cux2/Mdga1/Flrt2/Dtnbp1/Ctnna2/Arhgap22/Cbln4/Zfp804a",26,"red"
"GO:0016050","vesicle organization",0.0416666666666667,0.00996043589921566,9.66164513349654e-09,2.08564435233898e-05,1.77397870786485e-05,"Cav2/Rab5b/Bloc1s6/Rab5a/Laptm4b/Chmp6/Syt2/Usp8/Rab13/Vamp1/Syt3/Stx4a/Stx1b/Ap1s2/Aktip/Tbc1d4/Dysf/Chmp7/Tmem127/Atp13a2/Insig1/Vapb/Dtnbp1",23,"red"
"GO:0043161","proteasome-mediated ubiquitin-dependent protein catabolic process",0.0398550724637681,0.0149233011730409,3.44570523314151e-05,0.00901740753432705,0.0076699025642107,"Clgn/Psmd4/Cav1/Faf1/Hsp90b1/Mapk9/Psmc5/Hsp90ab1/Cul2/Fbxl15/Ddit3/Ube2j1/Dcaf12/Fbxo44/Anapc4/Psmd10/Prickle1/Fbxl4/Wwp1/Sgtb/Gsk3a/Svip",22,"red"
"GO:0010639","negative regulation of organelle organization",0.0380434782608696,0.0129450961338238,1.27083404173235e-05,0.00448537764939296,0.00381511087344904,"Flii/Tpr/Clip3/Zwint/Rad21/Ik/Mfn2/Mad1l1/Fkbp4/Psmd10/Smarca5/Terf2/Tbc1d4/Dysf/Cdk10/Fhod3/Plekhh2/Ghitm/Kank3/Ctnna2/Capza1",21,"red"
"GO:0042391","regulation of membrane potential",0.0380434782608696,0.0162768098840841,0.000323601812237278,0.0270072679129695,0.0229714707502647,"Grin2d/Sod2/Cav1/Gabra1/Cntnap1/Glrx/Ndufs1/Glrb/Mfn2/Stx1b/Rims4/Adrb1/Kcnh2/Ckap5/Atp1a3/Cux2/Kcnip1/Kcnh1/Scn1a/Scn2b/Insyn2a",21,"red"
"GO:0006397","mRNA processing",0.0380434782608696,0.0163809259387798,0.000351990365168504,0.0287770082217352,0.0244767521385703,"Paf1/Wdr83/Zcrb1/Ik/Cwf19l1/Cwf19l2/BC005624/Rprd1b/Psip1/Sf3a3/Snrnp35/Rsrc1/Nsrp1/Ramac/Sart1/Cpeb3/Csdc2/Thrap3/Grsf1/Adarb2/Txnl4a",21,"red"
"GO:2001233","regulation of apoptotic signaling pathway",0.036231884057971,0.0140903727354758,0.000128993237003792,0.0167128945419346,0.0142154241354395,"Prkra/Sod2/Cav1/Eya4/Faf1/Mapk9/Deptor/Ralbp1/Peli3/Ddit3/Nacc2/Mfn2/Stx4a/Psmd10/Ppp2r1b/Ghitm/Meis3/Pdcd7/Gstp1/Ptpmt1",20,"red"
"GO:0017157","regulation of exocytosis",0.0344202898550725,0.00857222183660721,3.51192210316204e-07,0.000468958664842237,0.000398880415717036,"Rab5a/Rab21/Glrx/Rab3c/Hgs/Syt2/Rab13/Syt3/Stx4a/Stx1b/Ap1g1/Lgi3/Rims4/Atp13a2/Chrm2/Sphk2/Dtnbp1/Kcnh1/Ncs1",19,"red"
"GO:0001505","regulation of neurotransmitter levels",0.0344202898550725,0.00881515929756368,5.38526390446078e-07,0.000539334180031747,0.000458739454177356,"Rab5a/Sncg/Ache/Slc29a2/Pnkd/Syt2/Rph3a/Slc6a11/Vamp1/Stx4a/Stx1b/Rims4/Sv2a/Maob/Chrm2/Nat8l/Dtnbp1/Kcnh1/Ncs1",19,"red"
"GO:0006979","response to oxidative stress",0.0344202898550725,0.0141944887901714,0.000392229282185036,0.0314254100886651,0.0267293933985887,"Prkra/Sod2/Mapk9/Cygb/Glrx/Ralbp1/Psip1/Stx4a/Casp3/Srxn1/Oser1/Pnpla8/Atp13a2/Nfe2l1/Rcan2/Lonp1/1600014C10Rik/Lig1/Gstp1",19,"red"
"GO:0043254","regulation of protein-containing complex assembly",0.0344202898550725,0.0148885958214757,0.000698469799295819,0.0430422887287066,0.0366103183684535,"Flii/Cav1/Faf1/Clip3/Mapk9/Ppm1a/Wars/Hsp90aa1/Asap1/Cptp/Mapre3/Fkbp4/Stx1b/Senp6/Fhod3/Ckap5/Kank3/Capza1/Svip",19,"red"
"GO:0006836","neurotransmitter transport",0.0326086956521739,0.00839869507878115,1.15872661010983e-06,0.000773643133349995,0.000658034743320265,"Rab5a/Sncg/Slc29a2/Pnkd/Syt2/Slc10a4/Rph3a/Slc6a11/Vamp1/Stx4a/Stx1b/Rims4/Sv2a/Chrm2/Nat8l/Dtnbp1/Kcnh1/Ncs1",18,"red"
"GO:0044282","small molecule catabolic process",0.0326086956521739,0.0115915874227806,9.11098536573248e-05,0.0152077530729685,0.0129352015916123,"Acsf3/Acadvl/Lpin1/Cdadc1/Pnkd/Bpnt1/Phyh/Khk/Hibadh/Bcat1/Ldhd/Galt/Inpp4b/Pex2/Slc25a44/Abcd2/Haghl/Cyp26b1",18,"red"
"GO:0062197","cellular response to chemical stress",0.0326086956521739,0.011660998125911,9.82286189284519e-05,0.0156107513018227,0.0132779782862548,"Prkra/Letm1/Sod2/Cav1/Mapk9/Glrx/Ralbp1/Ddit3/Stk39/Stx4a/Casp3/Srxn1/Dysf/Oser1/Pnpla8/Atp13a2/Nfe2l1/Lonp1",18,"red"
"GO:0071900","regulation of protein serine/threonine kinase activity",0.0326086956521739,0.0122162837509544,0.000175174494920799,0.0179935647859672,0.0153047190299225,"Map2k7/Cav1/Cdkn1a/Hsp90ab1/Sos1/Incenp/Map4k2/Hgs/Rasgrp1/Mapre3/Psmd10/Casp3/Fgf1/Smpd1/Dtnbp1/Gstp1/Ccni/Ccl19",18,"red"
"GO:0019216","regulation of lipid metabolic process",0.0326086956521739,0.0132574442979107,0.000467991501449178,0.0340867991782801,0.0289930811519806,"Dgkq/Cav1/Acadvl/Mapk9/Lpin1/Dgat1/Stard4/Ccnc/Elovl5/Acsl3/Fgf1/Nfe2l1/Pex2/Insig1/Alk/Abcd2/Sphk2/Ccl19",18,"red"
"GO:0042176","regulation of protein catabolic process",0.0326086956521739,0.0136392031651281,0.000651220806751333,0.0420772669652555,0.0357895034202727,"Cav1/Faf1/Mapk9/Hsp90aa1/Laptm4b/Hsp90ab1/Chmp6/Usp8/Psmd10/Psme3ip1/Dysf/Rhbdd3/Prickle1/Atp13a2/Nfe2l1/Wwp1/Gsk3a/Svip",18,"red"
"GO:0016358","dendrite development",0.0307971014492754,0.011001596446172,0.000150190764730316,0.0167128945419346,0.0142154241354395,"Bcl11a/Septin7/Ephb3/Rab21/Klhl1/Asap1/Ache/Srgap2/Mfn2/Cux1/Uba6/Cpeb3/Cux2/Alk/Gsk3a/Dtnbp1/Ctnna2",17,"red"
"GO:0045055","regulated exocytosis",0.0289855072463768,0.00996043589921566,0.000150064317305685,0.0167128945419346,0.0142154241354395,"Rab5a/Syt2/Rasgrp1/Vamp1/Syt3/Stx4a/Stx1b/Ap1g1/Rims4/Sv2a/Chrm2/Rab11fip5/Sphk2/Dtnbp1/Kcnh1/Ncs1",16,"red"
"GO:0046394","carboxylic acid biosynthetic process",0.0289855072463768,0.0102380787117374,0.000205054992661437,0.0193952555285277,0.0164969498767229,"Acsf3/Acadvl/Mapk9/Stard4/Asah2/Ldhb/Bcat1/Pkm/Elovl5/Acsl3/Pnpla8/Pex2/Insig1/Abcd2/Gstp1/Ass1",16,"red"
"GO:0016053","organic acid biosynthetic process",0.0289855072463768,0.0102727840633026,0.000213028268411188,0.0193952555285277,0.0164969498767229,"Acsf3/Acadvl/Mapk9/Stard4/Asah2/Ldhb/Bcat1/Pkm/Elovl5/Acsl3/Pnpla8/Pex2/Insig1/Abcd2/Gstp1/Ass1",16,"red"
"GO:0043087","regulation of GTPase activity",0.0289855072463768,0.0119733462899979,0.00111871332491978,0.0490390438380732,0.0417109559092527,"Cav2/Chn2/Ephb3/Tbc1d15/Asap1/Ralbp1/Sos1/Srgap2/Rasgrp1/Tbc1d4/Adrb1/Usp6nl/Iqsec3/Rgs8/Arhgap22/Ccl19",16,"red"
"GO:0099504","synaptic vesicle cycle",0.0271739130434783,0.00787811480530298,3.60156067272174e-05,0.00901740753432705,0.0076699025642107,"Dgkq/Rab5a/Sncg/Syt2/Slc10a4/Vamp1/Stx4a/Stx1b/Ap1s2/Rims4/Sv2a/Chrm2/Dtnbp1/Kcnh1/Ncs1",15,"red"
"GO:0099003","vesicle-mediated transport in synapse",0.0271739130434783,0.00881515929756368,0.000127853101726932,0.0167128945419346,0.0142154241354395,"Dgkq/Rab5a/Sncg/Syt2/Slc10a4/Vamp1/Stx4a/Stx1b/Ap1s2/Rims4/Sv2a/Chrm2/Dtnbp1/Kcnh1/Ncs1",15,"red"
"GO:0043547","positive regulation of GTPase activity",0.0271739130434783,0.00888457000069411,0.000139366624950421,0.0167128945419346,0.0142154241354395,"Cav2/Chn2/Tbc1d15/Asap1/Ralbp1/Sos1/Srgap2/Rasgrp1/Tbc1d4/Adrb1/Usp6nl/Iqsec3/Rgs8/Arhgap22/Ccl19",15,"red"
"GO:0048284","organelle fusion",0.0253623188405797,0.00503227597695565,8.35771600511965e-07,0.000669620206330186,0.000569556351759417,"Cav2/Bloc1s6/Syt2/Rab13/Mfn2/Vamp1/Syt3/Stx4a/Stx1b/Tbc1d4/Dysf/Atp13a2/Chchd3/Miga1",14,"red"
"GO:0007269","neurotransmitter secretion",0.0253623188405797,0.0064204900395641,1.45556438946851e-05,0.00448537764939296,0.00381511087344904,"Rab5a/Sncg/Pnkd/Syt2/Rph3a/Vamp1/Stx4a/Stx1b/Rims4/Sv2a/Chrm2/Dtnbp1/Kcnh1/Ncs1",14,"red"
"GO:0099643","signal release from synapse",0.0253623188405797,0.0064204900395641,1.45556438946851e-05,0.00448537764939296,0.00381511087344904,"Rab5a/Sncg/Pnkd/Syt2/Rph3a/Vamp1/Stx4a/Stx1b/Rims4/Sv2a/Chrm2/Dtnbp1/Kcnh1/Ncs1",14,"red"
"GO:0072330","monocarboxylic acid biosynthetic process",0.0253623188405797,0.00721871312556396,5.32928075239169e-05,0.0118606103856006,0.0100882349681239,"Acsf3/Acadvl/Mapk9/Stard4/Asah2/Ldhb/Pkm/Elovl5/Acsl3/Pnpla8/Pex2/Insig1/Abcd2/Gstp1",14,"red"
"GO:0034976","response to endoplasmic reticulum stress",0.0253623188405797,0.00891927535225932,0.00048075481386774,0.0343911390063244,0.0292519423400352,"Clgn/Cav1/Faf1/Hsp90b1/Cert1/Ddit3/Chac1/Ube2j1/Fbxo44/Casp3/Nfe2l1/Sgtb/Vapb/Svip",14,"red"
"GO:0048588","developmental cell growth",0.0253623188405797,0.00961338238356355,0.000998021136120688,0.0490390438380732,0.0417109559092527,"Bcl11a/Septin7/Zfyve27/Rab21/Hsp90aa1/Hsp90ab1/Syt2/Sema6d/Postn/Sema3c/Syt3/Adrb1/Sema6c/Gsk3a",14,"red"
"GO:0000375","RNA splicing, via transesterification reactions",0.0253623188405797,0.00975220378982439,0.00114410096541219,0.0490390438380732,0.0417109559092527,"Wdr83/Zcrb1/Ik/Cwf19l1/Cwf19l2/BC005624/Psip1/Sf3a3/Snrnp35/Rsrc1/Nsrp1/Sart1/Thrap3/Txnl4a",14,"red"
"GO:0000377","RNA splicing, via transesterification reactions with bulged adenosine as nucleophile",0.0253623188405797,0.00975220378982439,0.00114410096541219,0.0490390438380732,0.0417109559092527,"Wdr83/Zcrb1/Ik/Cwf19l1/Cwf19l2/BC005624/Psip1/Sf3a3/Snrnp35/Rsrc1/Nsrp1/Sart1/Thrap3/Txnl4a",14,"red"
"GO:0000398","mRNA splicing, via spliceosome",0.0253623188405797,0.00975220378982439,0.00114410096541219,0.0490390438380732,0.0417109559092527,"Wdr83/Zcrb1/Ik/Cwf19l1/Cwf19l2/BC005624/Psip1/Sf3a3/Snrnp35/Rsrc1/Nsrp1/Sart1/Thrap3/Txnl4a",14,"red"
"GO:0140014","mitotic nuclear division",0.0253623188405797,0.00975220378982439,0.00114410096541219,0.0490390438380732,0.0417109559092527,"Tpr/Zwint/Rad21/Ik/Incenp/Smc5/Chmp6/Anapc4/Mad1l1/Smarca5/Mzt1/Chmp7/Nfe2l1/Smc1a",14,"red"
"GO:0034250","positive regulation of cellular amide metabolic process",0.0235507246376812,0.00576108835982508,2.0360250894274e-05,0.00582594036303298,0.00495534828156127,"Fastkd3/Nsun4/Casp3/Pkm/Eef2/Slc2a13/Abcf1/Rbms3/Cpeb3/Gsk3a/Sphk2/Pym1/Sox4",13,"red"
"GO:0000819","sister chromatid segregation",0.0235507246376812,0.00659401679739016,8.27667059004288e-05,0.0144158010363964,0.0122615939130292,"Tpr/Zwint/Rad21/Ik/Incenp/Fen1/Smc5/Chmp6/Anapc4/Mad1l1/Smarca5/Chmp7/Smc1a",13,"red"
"GO:0046890","regulation of lipid biosynthetic process",0.0235507246376812,0.00704518636773791,0.000160664193500315,0.017155943406005,0.0145922665489235,"Dgkq/Acadvl/Mapk9/Lpin1/Dgat1/Stard4/Elovl5/Acsl3/Fgf1/Pex2/Insig1/Abcd2/Sphk2",13,"red"
"GO:0099173","postsynapse organization",0.0235507246376812,0.00718400777399875,0.000194746800657436,0.0193952555285277,0.0164969498767229,"Septin7/Ephb3/Cntnap1/Lgmn/Glrb/Rheb/Mfn2/Rph3a/Ckap5/Cux2/Dtnbp1/Arhgap22/Zfp804a",13,"red"
"GO:0033044","regulation of chromosome organization",0.0235507246376812,0.00721871312556396,0.000204177066866339,0.0193952555285277,0.0164969498767229,"Map2k7/Tpr/Zwint/Rad21/Ik/Fen1/Smc5/Anapc4/Mad1l1/Smarca5/Terf2/Senp6/Ino80c",13,"red"
"GO:0050920","regulation of chemotaxis",0.0235507246376812,0.00798223085999861,0.00053608728147118,0.0370269939581646,0.031493911617463,"Lgmn/Cxcl14/Vegfb/Stk39/Sema6d/Sema3c/Stx4a/Mpp1/Dysf/Fgf1/Sema6c/Gstp1/Ccl19",13,"red"
"GO:0042180","cellular ketone metabolic process",0.0235507246376812,0.00819046296938988,0.000681859146963934,0.0430422887287066,0.0366103183684535,"Dgkq/Cav1/Acadvl/Mapk9/Dgat1/Stard4/Pnkd/Pdss1/Elovl5/Nfe2l1/Insig1/Abcd2/Haghl",13,"red"
"GO:0030100","regulation of endocytosis",0.0235507246376812,0.00822516832095509,0.000709134062929265,0.0430422887287066,0.0366103183684535,"Rab5b/Dgkq/Cav1/Clip3/Rab5a/Rab21/Smap1/Lrsam1/Smpd1/Ckap5/Rit2/Dtnbp1/Ccl19",13,"red"
"GO:1903362","regulation of cellular protein catabolic process",0.0235507246376812,0.00867633789130284,0.00115594016537749,0.0490390438380732,0.0417109559092527,"Cav1/Faf1/Mapk9/Hsp90aa1/Laptm4b/Hsp90ab1/Psmd10/Psme3ip1/Prickle1/Atp13a2/Nfe2l1/Gsk3a/Svip",13,"red"
"GO:0000070","mitotic sister chromatid segregation",0.0217391304347826,0.00558756160199903,6.81408545225914e-05,0.0139412912102556,0.0118579918668307,"Tpr/Zwint/Rad21/Ik/Incenp/Smc5/Chmp6/Anapc4/Mad1l1/Smarca5/Chmp7/Smc1a",12,"red"
"GO:0009266","response to temperature stimulus",0.0217391304347826,0.00589990976608593,0.00011468935720376,0.0164087701770808,0.0139567462131042,"Map2k7/Tpr/Acadvl/Hsp90aa1/Hsp90ab1/Psip1/Stac/Adrb1/Cdh8/Fgf1/Nfe2l1/Scn2b",12,"red"
"GO:0007051","spindle organization",0.0217391304347826,0.0064204900395641,0.000252683917316739,0.0224944838393523,0.0191330488971762,"Tpr/Ralbp1/Incenp/Chmp6/Mapre3/Mzt1/Chmp7/Senp6/Ptpa/Ckap5/Smc1a/Haus3",12,"red"
"GO:0006906","vesicle fusion",0.0199275362318841,0.00378288332060804,8.15530608308559e-06,0.00363001735209343,0.00308757026794714,"Cav2/Bloc1s6/Syt2/Rab13/Vamp1/Syt3/Stx4a/Stx1b/Tbc1d4/Dysf/Atp13a2",11,"red"
"GO:0106027","neuron projection organization",0.0199275362318841,0.00378288332060804,8.15530608308559e-06,0.00363001735209343,0.00308757026794714,"Septin7/Ephb3/Lgmn/Mfn2/Rph3a/Ckap5/Atp1a3/Cux2/Abcd2/Dtnbp1/Zfp804a",11,"red"
"GO:0090174","organelle membrane fusion",0.0199275362318841,0.00392170472686888,1.15358169367363e-05,0.00448537764939296,0.00381511087344904,"Cav2/Bloc1s6/Syt2/Rab13/Vamp1/Syt3/Stx4a/Stx1b/Tbc1d4/Dysf/Atp13a2",11,"red"
"GO:0016079","synaptic vesicle exocytosis",0.0199275362318841,0.00475463316443396,6.96020529718204e-05,0.0139412912102556,0.0118579918668307,"Rab5a/Syt2/Vamp1/Stx4a/Stx1b/Rims4/Sv2a/Chrm2/Dtnbp1/Kcnh1/Ncs1",11,"red"
"GO:0051588","regulation of neurotransmitter transport",0.0199275362318841,0.00482404386756438,7.93655594615197e-05,0.0144158010363964,0.0122615939130292,"Rab5a/Sncg/Pnkd/Slc10a4/Stx1b/Rims4/Chrm2/Nat8l/Dtnbp1/Kcnh1/Ncs1",11,"red"
"GO:0070507","regulation of microtubule cytoskeleton organization",0.0199275362318841,0.00558756160199903,0.000290339880766812,0.0252848165728663,0.0215064117629788,"Tpr/Cav1/Clip3/Chmp6/Mapre3/Fkbp4/Dysf/Chmp7/Senp6/Ckap5/Patj",11,"red"
"GO:0061025","membrane fusion",0.0199275362318841,0.00565697230512945,0.000322827220825782,0.0270072679129695,0.0229714707502647,"Cav2/Bloc1s6/Syt2/Rab13/Vamp1/Syt3/Stx4a/Stx1b/Tbc1d4/Dysf/Atp13a2",11,"red"
"GO:1903305","regulation of regulated secretory pathway",0.0199275362318841,0.0064204900395641,0.000931656886934501,0.0472432593551849,0.0401835222252762,"Rab5a/Syt2/Syt3/Stx4a/Ap1g1/Rims4/Chrm2/Sphk2/Dtnbp1/Kcnh1/Ncs1",11,"red"
"GO:0006633","fatty acid biosynthetic process",0.0181159420289855,0.00530991878947734,0.000765145959231903,0.0444228219229421,0.0377845533185915,"Acsf3/Acadvl/Mapk9/Asah2/Elovl5/Acsl3/Pnpla8/Insig1/Abcd2/Gstp1",10,"red"
"GO:0010565","regulation of cellular ketone metabolic process",0.0181159420289855,0.00530991878947734,0.000765145959231903,0.0444228219229421,0.0377845533185915,"Dgkq/Cav1/Acadvl/Mapk9/Dgat1/Stard4/Elovl5/Nfe2l1/Insig1/Abcd2",10,"red"
"GO:0016125","sterol metabolic process",0.0181159420289855,0.00534462414104255,0.000804571389458208,0.0453959575516842,0.0386122696467934,"Dgkq/Acadvl/Lipa/Aplp2/Fgf1/Smpd1/Nfe2l1/Pex2/Insig1/Cyp26b1",10,"red"
"GO:0007009","plasma membrane organization",0.0181159420289855,0.00548344554730339,0.00097935375883532,0.0490390438380732,0.0417109559092527,"Cav2/Cav1/Asap1/Epb41l3/Chmp6/Stx4a/Dysf/Chmp7/Smpd1/Abcd2",10,"red"
"GO:0140029","exocytic process",0.016304347826087,0.00322759769556466,7.51708826761747e-05,0.0143397407619408,0.0121968996101643,"Bloc1s6/Rab3c/Syt2/Rab13/Vamp1/Sytl2/Stx4a/Stx1b/Sv2a",9,"red"
"GO:0097061","dendritic spine organization",0.016304347826087,0.00350524050808635,0.000142613791968334,0.0167128945419346,0.0142154241354395,"Septin7/Ephb3/Lgmn/Mfn2/Rph3a/Ckap5/Cux2/Dtnbp1/Zfp804a",9,"red"
"GO:0051225","spindle assembly",0.016304347826087,0.00406052613312973,0.000430920977205362,0.0325711214091449,0.0277038967867678,"Tpr/Incenp/Chmp6/Mapre3/Mzt1/Chmp7/Senp6/Smc1a/Haus3",9,"red"
"GO:0046928","regulation of neurotransmitter secretion",0.016304347826087,0.00423405289095579,0.000585147531033483,0.0397305255816972,0.0337934443881425,"Rab5a/Sncg/Pnkd/Stx1b/Rims4/Chrm2/Dtnbp1/Kcnh1/Ncs1",9,"red"
"GO:0052126","movement in host environment",0.016304347826087,0.00451169570347748,0.000923717922771719,0.0472432593551849,0.0401835222252762,"Cav2/Cav1/Fuca2/Exoc7/Chmp6/Chmp7/Smpd1/Hs3st5/Vapb",9,"red"
"GO:0060996","dendritic spine development",0.016304347826087,0.00451169570347748,0.000923717922771719,0.0472432593551849,0.0401835222252762,"Septin7/Ephb3/Asap1/Srgap2/Mfn2/Uba6/Cpeb3/Cux2/Dtnbp1",9,"red"
"GO:0140056","organelle localization by membrane tethering",0.0144927536231884,0.00263760671895606,0.000103702660111518,0.0156107513018227,0.0132779782862548,"Cav2/Bloc1s6/Rab3c/Rab13/Sytl2/Stx4a/Stx1b/Vapb",8,"red"
"GO:0022406","membrane docking",0.0144927536231884,0.00281113347678212,0.000162737356322563,0.017155943406005,0.0145922665489235,"Cav2/Bloc1s6/Rab3c/Rab13/Sytl2/Stx4a/Stx1b/Vapb",8,"red"
"GO:0030433","ubiquitin-dependent ERAD pathway",0.0144927536231884,0.00291524953147775,0.000209814226800655,0.0193952555285277,0.0164969498767229,"Clgn/Cav1/Faf1/Hsp90b1/Ube2j1/Fbxo44/Sgtb/Svip",8,"red"
"GO:0007029","endoplasmic reticulum organization",0.0144927536231884,0.00322759769556466,0.000421953560302022,0.0325066531263442,0.027649062240843,"Cav2/Zfyve27/Cert1/Emc4/Emc8/Reep1/Vapb/Mmgt1",8,"red"
"GO:0051983","regulation of chromosome segregation",0.0144927536231884,0.00326230304712987,0.000453601404096615,0.0336505041631674,0.0286219833345174,"Tpr/Zwint/Smc6/Rad21/Ik/Smc5/Anapc4/Mad1l1",8,"red"
"GO:0009408","response to heat",0.0144927536231884,0.00343582980495592,0.000642029607973947,0.0420772669652555,0.0357895034202727,"Map2k7/Tpr/Hsp90aa1/Hsp90ab1/Psip1/Stac/Fgf1/Scn2b",8,"red"
"GO:0019217","regulation of fatty acid metabolic process",0.0144927536231884,0.00353994585965156,0.000782450687146249,0.0447785350386839,0.0380871108916152,"Cav1/Acadvl/Mapk9/Dgat1/Elovl5/Nfe2l1/Insig1/Abcd2",8,"red"
"GO:0045921","positive regulation of exocytosis",0.0144927536231884,0.00360935656278198,0.000889053490331055,0.0472432593551849,0.0401835222252762,"Rab5a/Glrx/Hgs/Stx4a/Ap1g1/Atp13a2/Sphk2/Ncs1",8,"red"
"GO:2001252","positive regulation of chromosome organization",0.0144927536231884,0.00360935656278198,0.000889053490331055,0.0472432593551849,0.0401835222252762,"Map2k7/Tpr/Rad21/Fen1/Smc5/Mad1l1/Terf2/Ino80c",8,"red"
"GO:0036503","ERAD pathway",0.0144927536231884,0.00371347261747762,0.00107048482101034,0.0490390438380732,0.0417109559092527,"Clgn/Cav1/Faf1/Hsp90b1/Ube2j1/Fbxo44/Sgtb/Svip",8,"red"
"GO:0046889","positive regulation of lipid biosynthetic process",0.0144927536231884,0.00371347261747762,0.00107048482101034,0.0490390438380732,0.0417109559092527,"Mapk9/Dgat1/Stard4/Elovl5/Acsl3/Fgf1/Abcd2/Sphk2",8,"red"
"GO:0006493","protein O-linked glycosylation",0.0126811594202899,0.00197820503921705,0.000105214749163558,0.0156107513018227,0.0132779782862548,"St8sia6/Slc35c2/Vegfb/Galnt7/Eogt/Fut9/Galnt13",7,"red"
"GO:0048278","vesicle docking",0.0126811594202899,0.00208232109391268,0.000146284448150584,0.0167128945419346,0.0142154241354395,"Cav2/Bloc1s6/Rab3c/Rab13/Sytl2/Stx4a/Stx1b",7,"red"
"GO:0006904","vesicle docking involved in exocytosis",0.0108695652173913,0.00145762476573888,0.000140477545374689,0.0167128945419346,0.0142154241354395,"Bloc1s6/Rab3c/Rab13/Sytl2/Stx4a/Stx1b",6,"red"
"GO:0051205","protein insertion into membrane",0.0108695652173913,0.00190879433608662,0.000629344889943938,0.0420192604852569,0.0357401650657636,"Timm9/Hsp90aa1/Emc4/Emc8/Reep1/Mmgt1",6,"red"
"GO:0007032","endosome organization",0.0108695652173913,0.00194349968765184,0.0006936069984075,0.0430422887287066,0.0366103183684535,"Rab5b/Rab5a/Laptm4b/Usp8/Aktip/Tmem127",6,"red"
"GO:0030071","regulation of mitotic metaphase/anaphase transition",0.0108695652173913,0.00201291039078226,0.000837267570901077,0.0465846373476349,0.0396233205702747,"Tpr/Zwint/Rad21/Ik/Anapc4/Mad1l1",6,"red"
"GO:0045599","negative regulation of fat cell differentiation",0.0108695652173913,0.00204761574234747,0.000917181257892934,0.0472432593551849,0.0401835222252762,"Runx1t1/Sod2/Ddit3/E2f1/Insig1/Mkx",6,"red"
"GO:0007091","metaphase/anaphase transition of mitotic cell cycle",0.0108695652173913,0.00211702644547789,0.00109450415721066,0.0490390438380732,0.0417109559092527,"Tpr/Zwint/Rad21/Ik/Anapc4/Mad1l1",6,"red"
"GO:1902099","regulation of metaphase/anaphase transition of cell cycle",0.0108695652173913,0.00211702644547789,0.00109450415721066,0.0490390438380732,0.0417109559092527,"Tpr/Zwint/Rad21/Ik/Anapc4/Mad1l1",6,"red"
"GO:0010965","regulation of mitotic sister chromatid separation",0.0108695652173913,0.0021517317970431,0.00119246034352873,0.0490390438380732,0.0417109559092527,"Tpr/Zwint/Rad21/Ik/Anapc4/Mad1l1",6,"red"
"GO:0045841","negative regulation of mitotic metaphase/anaphase transition",0.00905797101449275,0.00145762476573888,0.00120087595083192,0.0490390438380732,0.0417109559092527,"Tpr/Zwint/Rad21/Ik/Mad1l1",5,"red"
"GO:0060159","regulation of dopamine receptor signaling pathway",0.0072463768115942,0.000381758867217325,3.95081835195293e-05,0.00930998724583731,0.00791876099397624,"Cav2/Rgs8/Alk/Dtnbp1",4,"red"
"GO:0051131","chaperone-mediated protein complex assembly",0.0072463768115942,0.000659401679739016,0.000410803754150774,0.0322682321397647,0.027446269394965,"Hsp90aa1/Hsp90ab1/Psmg3/Lonp1",4,"red"
"GO:0006089","lactate metabolic process",0.0072463768115942,0.000694107031304227,0.0005057646428802,0.0355454940241768,0.0302337977655255,"Pnkd/Ldhb/Ldhd/Haghl",4,"red"
"GO:0070861","regulation of protein exit from endoplasmic reticulum",0.0072463768115942,0.000798223085999861,0.000883245782792316,0.0472432593551849,0.0401835222252762,"Ube2j1/Gcc2/Insig1/Svip",4,"red"
"GO:0031629","synaptic vesicle fusion to presynaptic active zone membrane",0.0072463768115942,0.000832928437565073,0.00104396122833456,0.0490390438380732,0.0417109559092527,"Syt2/Vamp1/Stx4a/Stx1b",4,"red"
"GO:0001778","plasma membrane repair",0.0072463768115942,0.000867633789130284,0.00122413988612265,0.0490390438380732,0.0417109559092527,"Chmp6/Dysf/Chmp7/Smpd1",4,"red"
"GO:0019076","viral release from host cell",0.0072463768115942,0.000867633789130284,0.00122413988612265,0.0490390438380732,0.0417109559092527,"Cav2/Chmp6/Chmp7/Vapb",4,"red"
"GO:0035890","exit from host",0.0072463768115942,0.000867633789130284,0.00122413988612265,0.0490390438380732,0.0417109559092527,"Cav2/Chmp6/Chmp7/Vapb",4,"red"
"GO:0035891","exit from host cell",0.0072463768115942,0.000867633789130284,0.00122413988612265,0.0490390438380732,0.0417109559092527,"Cav2/Chmp6/Chmp7/Vapb",4,"red"
"GO:0099500","vesicle fusion to plasma membrane",0.0072463768115942,0.000867633789130284,0.00122413988612265,0.0490390438380732,0.0417109559092527,"Syt2/Vamp1/Stx4a/Stx1b",4,"red"
"GO:0070862","negative regulation of protein exit from endoplasmic reticulum",0.00543478260869565,0.000347053515652114,0.000758986072089819,0.0444228219229421,0.0377845533185915,"Ube2j1/Insig1/Svip",3,"red"
"GO:0045050","protein insertion into ER membrane by stop-transfer membrane-anchor sequence",0.00543478260869565,0.000381758867217325,0.00102879028030368,0.0490390438380732,0.0417109559092527,"Emc4/Emc8/Mmgt1",3,"red"
"GO:0007264","small GTPase mediated signal transduction",0.0537974683544304,0.0149580065246061,6.58704437646754e-06,0.00498609219057979,0.00421028334848147,"Arl6/Dock9/Nrp1/Notch2/Gpsm2/Sdcbp/Brap/Kras/Psd3/Arhgap17/Rab33a/Cdon/Mmd2/Rapgef5/Cdc42se1/Rras2/Nrg1",17,"cyan"
"GO:1990778","protein localization to cell periphery",0.0506329113924051,0.0128409800791282,3.89228718392489e-06,0.00498609219057979,0.00421028334848147,"Ramp2/Inpp5k/Efr3a/Rab3d/Rab10/Numb/Arl6/Ehd3/Gpsm2/Rilpl1/Pik3r2/Atp2c1/Nsf/Ramp1/Tspan14/Nptx2",16,"cyan"
"GO:0050673","epithelial cell proliferation",0.0506329113924051,0.0165197473450406,8.34340990348858e-05,0.0212005128374284,0.0179018282789338,"Smo/Ppard/Cflar/Notch2/Errfi1/Wnt7a/Vhl/Loxl2/Azin1/Cdkn1c/Pik3cd/Bcl11b/Lgr4/Zfp580/Krt2/Zfp703",16,"cyan"
"GO:0007409","axonogenesis",0.0506329113924051,0.0171097383216492,0.000124950697955985,0.0289719018327277,0.024464031389277,"Lhx2/Ifrd1/Smo/Efna2/Adcy1/Rab10/Numb/Fezf2/Nrp1/Lrp4/Wnt7a/Pip5k1c/Rtn4rl1/Bcl11b/Lgr4/Nrg1",16,"cyan"
"GO:0007265","Ras protein signal transduction",0.0474683544303797,0.0118692302353023,6.59452664881873e-06,0.00498609219057979,0.00421028334848147,"Arl6/Nrp1/Notch2/Gpsm2/Sdcbp/Brap/Kras/Psd3/Arhgap17/Rab33a/Mmd2/Rapgef5/Cdc42se1/Rras2/Nrg1",15,"cyan"
"GO:0006887","exocytosis",0.0474683544303797,0.0143680155479975,6.04642432136915e-05,0.0200745076550136,0.0169510233823093,"Rab3d/Adcy1/Rab10/Chrna4/Pex5l/Sdcbp/Wnt7a/Arhgap17/Nr3c2/Adra2a/Nsf/Pip5k1c/Erc2/Rims1/Rab3ip",15,"cyan"
"GO:0022411","cellular component disassembly",0.0474683544303797,0.0148191851183452,8.53384645554909e-05,0.0212005128374284,0.0179018282789338,"Chmp2b/Svil/Add3/Eif2d/Fscn1/Nsf/Tigar/Camsap3/Cd24a/Mtrfr/Lix1l/Abce1/Nrg1/H2aw/Chmp1b",15,"cyan"
"GO:0050808","synapse organization",0.0474683544303797,0.0171444436732144,0.000408624485048066,0.0384107015945182,0.0324342052143415,"Chmp2b/Pfn1/Numb/Cdh9/Nrp1/Lrp4/Sdcbp/Wnt7a/Egln1/Arhgap39/Vhl/Pdzrn3/Erc2/Lrrtm4/Nrg1",15,"cyan"
"GO:0072659","protein localization to plasma membrane",0.0443037974683544,0.0104810161726938,7.168045127343e-06,0.00498609219057979,0.00421028334848147,"Ramp2/Inpp5k/Efr3a/Rab3d/Rab10/Numb/Arl6/Ehd3/Rilpl1/Pik3r2/Atp2c1/Nsf/Ramp1/Tspan14",14,"cyan"
"GO:0030900","forebrain development",0.0443037974683544,0.0138127299229541,0.000144257397702843,0.0302964099485201,0.0255824532418423,"Lhx2/Smo/Numb/Fezf2/D16Ertd472e/Twsg1/Nrp1/Mfsd2a/Wnt7a/Kras/Cdon/Rtn4rl1/Bcl11b/Nrg1",14,"cyan"
"GO:0022613","ribonucleoprotein complex biogenesis",0.0443037974683544,0.0140903727354758,0.000177131212029015,0.0327341218212029,0.027640870397735,"Nhp2/Dimt1/Wdr46/Eif2d/Pop4/Mphosph10/Mpv17l2/Utp4/Isg20l2/Utp18/Srsf12/Abce1/Rrs1/Eif2s3y",14,"cyan"
"GO:0099003","vesicle-mediated transport in synapse",0.0411392405063291,0.00881515929756368,5.27267703893054e-06,0.00498609219057979,0.00421028334848147,"Adcy1/Numb/Ap3b1/Ppp3cc/Chrna4/Wnt7a/Nr3c2/Adra2a/Pip5k1c/Erc2/Rims1/Cd24a/Nrg1",13,"cyan"
"GO:0043588","skin development",0.0411392405063291,0.0111751232039981,6.34903922383985e-05,0.0200745076550136,0.0169510233823093,"Lhx2/Col1a1/Smo/Ppard/Ap3b1/Lrp4/Errfi1/Wnt7a/Trpc4ap/Foxq1/Bcl11b/Lgr4/Krt2",13,"cyan"
"GO:0045927","positive regulation of growth",0.0411392405063291,0.0111751232039981,6.34903922383985e-05,0.0200745076550136,0.0169510233823093,"Smo/Ppard/H3f3b/Pim1/Nrp1/Serp1/Sdcbp/Mfsd2a/Armc10/Rims1/Hopx/H3f3a/Nrg1",13,"cyan"
"GO:0006644","phospholipid metabolic process",0.0411392405063291,0.0127368640244326,0.000231520849905482,0.033551229832136,0.0283308408436971,"Ppard/Inpp5k/Serac1/Socs2/Dgka/Mfsd2a/Plch2/Agpat5/Pik3r2/Plppr5/Pip5k1c/Pik3cd/Plpp6",13,"cyan"
"GO:0010639","negative regulation of organelle organization",0.0411392405063291,0.0129450961338238,0.000270632577457429,0.0371438798864778,0.0313644940780464,"Inpp5k/H3f3b/Pfn1/Tom1l1/Mpv17l/Svil/Add3/Tmeff2/Parp1/Nme6/Tigar/Camsap3/H3f3a",13,"cyan"
"GO:0042060","wound healing",0.0411392405063291,0.012979801485389,0.000277671327500984,0.0371438798864778,0.0313644940780464,"Col1a1/Ppard/Chmp2b/Ap3b1/Cflar/Tmeff2/Notch2/Wnt7a/Adra2a/Pip5k1c/Nrg1/Thbd/Chmp1b",13,"cyan"
"GO:0050678","regulation of epithelial cell proliferation",0.0411392405063291,0.0140556673839106,0.000588426860382968,0.0487273481050467,0.0411456376057263,"Smo/Ppard/Cflar/Notch2/Errfi1/Wnt7a/Vhl/Azin1/Cdkn1c/Pik3cd/Bcl11b/Zfp580/Zfp703",13,"cyan"
"GO:0090150","establishment of protein localization to membrane",0.0379746835443038,0.00891927535225932,3.0082820074702e-05,0.0174380080366356,0.0147247487734068,"Inpp5k/Rab10/Caml/Ap3b1/Arl6/Rilpl1/Sec61a1/Atp2c1/Nsf/Cox18/Cd24a/Rab3ip",12,"cyan"
"GO:0030198","extracellular matrix organization",0.0379746835443038,0.0109321857430416,0.000207005485407603,0.0331709304020892,0.028009713937783,"Ramp2/Col1a1/Serac1/Smoc1/Ric8a/Cflar/Fscn1/Vhl/Loxl2/Csgalnact1/Olfml2b/Adamtsl1",12,"cyan"
"GO:0043062","extracellular structure organization",0.0379746835443038,0.0109668910946068,0.000213106059173096,0.0331709304020892,0.028009713937783,"Ramp2/Col1a1/Serac1/Smoc1/Ric8a/Cflar/Fscn1/Vhl/Loxl2/Csgalnact1/Olfml2b/Adamtsl1",12,"cyan"
"GO:0045229","external encapsulating structure organization",0.0379746835443038,0.011001596446172,0.000219359229226007,0.0331709304020892,0.028009713937783,"Ramp2/Col1a1/Serac1/Smoc1/Ric8a/Cflar/Fscn1/Vhl/Loxl2/Csgalnact1/Olfml2b/Adamtsl1",12,"cyan"
"GO:0099504","synaptic vesicle cycle",0.0348101265822785,0.00787811480530298,4.60150400652547e-05,0.0200745076550136,0.0169510233823093,"Adcy1/Ap3b1/Ppp3cc/Chrna4/Wnt7a/Nr3c2/Adra2a/Pip5k1c/Erc2/Rims1/Cd24a",11,"cyan"
"GO:0032984","protein-containing complex disassembly",0.0348101265822785,0.00829457902408551,7.31404221545771e-05,0.0211985323544683,0.017900155948357,"Chmp2b/Svil/Add3/Nsf/Camsap3/Mtrfr/Lix1l/Abce1/Nrg1/H2aw/Chmp1b",11,"cyan"
"GO:0045055","regulated exocytosis",0.0348101265822785,0.00996043589921566,0.000358863521662182,0.0375342640227474,0.0316941365647121,"Rab3d/Adcy1/Rab10/Chrna4/Pex5l/Wnt7a/Arhgap17/Nr3c2/Adra2a/Erc2/Rims1",11,"cyan"
"GO:0042254","ribosome biogenesis",0.0348101265822785,0.0103769001179982,0.000505774436095825,0.043977087218532,0.0371344914922988,"Nhp2/Dimt1/Wdr46/Pop4/Mphosph10/Mpv17l2/Utp4/Isg20l2/Utp18/Abce1/Rrs1",11,"cyan"
"GO:0045664","regulation of neuron differentiation",0.0316455696202532,0.00836398972721594,0.000355140654995456,0.0375342640227474,0.0316941365647121,"Eif2ak4/Socs2/Numb/Fezf2/Trpc6/Cdon/Mmd2/Nbl1/Cd24a/Bcl11b",10,"cyan"
"GO:0006836","neurotransmitter transport",0.0316455696202532,0.00839869507878115,0.00036692495019362,0.0375342640227474,0.0316941365647121,"Slc6a15/Adcy1/Chrna4/Kcnc4/Wnt7a/Nr3c2/Adra2a/Erc2/Rims1/Slc29a4",10,"cyan"
"GO:0017157","regulation of exocytosis",0.0316455696202532,0.00857222183660721,0.000430848136501459,0.0394339425987388,0.0332982354803066,"Rab3d/Adcy1/Rab10/Chrna4/Sdcbp/Wnt7a/Nr3c2/Adra2a/Nsf/Rims1",10,"cyan"
"GO:0001505","regulation of neurotransmitter levels",0.0316455696202532,0.00881515929756368,0.00053567097005063,0.0454405764350266,0.0383702697417525,"Comt/Adcy1/Chrna4/Kcnc4/Wnt7a/Nr3c2/Adra2a/Erc2/Rims1/Slc29a4",10,"cyan"
"GO:0099173","postsynapse organization",0.0284810126582278,0.00718400777399875,0.000496929462841136,0.043977087218532,0.0371344914922988,"Chmp2b/Numb/Nrp1/Lrp4/Wnt7a/Egln1/Arhgap39/Vhl/Lrrtm4",9,"cyan"
"GO:0031032","actomyosin structure organization",0.0284810126582278,0.00739223988339002,0.000610201852908715,0.0493553963817793,0.041675964984463,"Inpp5k/Pfn1/Nrp1/Cflar/Tmeff2/Pik3r2/Alkbh4/Frmd6/Pdlim1",9,"cyan"
"GO:0098773","skin epidermis development",0.0253164556962025,0.00416464218782536,5.55534067768247e-05,0.0200745076550136,0.0169510233823093,"Lhx2/Smo/Ppard/Ap3b1/Lrp4/Trpc4ap/Foxq1/Lgr4",8,"cyan"
"GO:0001942","hair follicle development",0.0221518987341772,0.00402582078156452,0.000300067782264753,0.0375342640227474,0.0316941365647121,"Lhx2/Smo/Ppard/Lrp4/Trpc4ap/Foxq1/Lgr4",7,"cyan"
"GO:0022404","molting cycle process",0.0221518987341772,0.00412993683626015,0.00035058855454238,0.0375342640227474,0.0316941365647121,"Lhx2/Smo/Ppard/Lrp4/Trpc4ap/Foxq1/Lgr4",7,"cyan"
"GO:0022405","hair cycle process",0.0221518987341772,0.00412993683626015,0.00035058855454238,0.0375342640227474,0.0316941365647121,"Lhx2/Smo/Ppard/Lrp4/Trpc4ap/Foxq1/Lgr4",7,"cyan"
"GO:0046928","regulation of neurotransmitter secretion",0.0221518987341772,0.00423405289095579,0.000407704880232328,0.0384107015945182,0.0324342052143415,"Adcy1/Chrna4/Kcnc4/Wnt7a/Nr3c2/Adra2a/Rims1",7,"cyan"
"GO:2000300","regulation of synaptic vesicle exocytosis",0.0189873417721519,0.00291524953147775,0.000329029106715768,0.0375342640227474,0.0316941365647121,"Adcy1/Chrna4/Wnt7a/Nr3c2/Adra2a/Rims1",6,"cyan"
"GO:0043403","skeletal muscle tissue regeneration",0.0158227848101266,0.00166585687513015,0.000178823552214737,0.0327341218212029,0.027640870397735,"Ifrd1/Ppard/Cflar/Wnt7a/Hopx",5,"cyan"
"GO:0034332","adherens junction organization",0.0158227848101266,0.00173526757826057,0.000217349657440133,0.0331709304020892,0.028009713937783,"Ramp2/Numb/Cdh9/Camsap3/Zfp703",5,"cyan"
"GO:0061383","trabecula morphogenesis",0.0158227848101266,0.00197820503921705,0.000403496134848514,0.0384107015945182,0.0324342052143415,"Col1a1/Egln1/Fkbp1a/Sbno2/Nrg1",5,"cyan"
"GO:0032594","protein transport within lipid bilayer",0.00949367088607595,0.000347053515652114,0.000148084809984141,0.0302964099485201,0.0255824532418423,"Arl6/Rilpl1/Cd24a",3,"cyan"
"GO:0043589","skin morphogenesis",0.00949367088607595,0.000451169570347748,0.00034441404824008,0.0375342640227474,0.0316941365647121,"Col1a1/Errfi1/Wnt7a",3,"cyan"
"GO:0001654","eye development",0.0611510791366906,0.014610953008954,8.5359187098206e-07,0.00085219758732007,0.000716908247288893,"Rxra/Rab11fip4/Meis1/Nf1/Dlx2/Ift140/Zeb1/Slc25a25/Hsf4/Ptprm/Inhbb/Dzank1/Pbx3/Sh3pxd2b/Sall2/Mab21l1/Nhs",17,"grey60"
"GO:0150063","visual system development",0.0611510791366906,0.0147150690636496,9.407886307411e-07,0.00085219758732007,0.000716908247288893,"Rxra/Rab11fip4/Meis1/Nf1/Dlx2/Ift140/Zeb1/Slc25a25/Hsf4/Ptprm/Inhbb/Dzank1/Pbx3/Sh3pxd2b/Sall2/Mab21l1/Nhs",17,"grey60"
"GO:0048880","sensory system development",0.0611510791366906,0.0148538904699105,1.06959220247263e-06,0.00085219758732007,0.000716908247288893,"Rxra/Rab11fip4/Meis1/Nf1/Dlx2/Ift140/Zeb1/Slc25a25/Hsf4/Ptprm/Inhbb/Dzank1/Pbx3/Sh3pxd2b/Sall2/Mab21l1/Nhs",17,"grey60"
"GO:0010563","negative regulation of phosphorus metabolic process",0.0575539568345324,0.0158603456653016,1.09213078301934e-05,0.00386735645053628,0.0032534001220471,"Mapt/Sfrp5/Arrb1/Nf1/Pde4d/Gfra2/Rb1/Cblb/Impact/Dab2ip/Cda/Zfp418/Socs5/Atg14/Camk2n2/Ptprt",16,"grey60"
"GO:0045936","negative regulation of phosphate metabolic process",0.0575539568345324,0.0158603456653016,1.09213078301934e-05,0.00386735645053628,0.0032534001220471,"Mapt/Sfrp5/Arrb1/Nf1/Pde4d/Gfra2/Rb1/Cblb/Impact/Dab2ip/Cda/Zfp418/Socs5/Atg14/Camk2n2/Ptprt",16,"grey60"
"GO:0001558","regulation of cell growth",0.0575539568345324,0.0159991670715624,1.21601074709382e-05,0.00387542625098799,0.00326018881352416,"Mapt/Gng4/Rb1/Bcl6/Plaat1/Fhl1/Dab2ip/Anapc2/Cda/Rnf6/Rerg/Zfp418/Sema3f/Rims2/Avp/Minar1",16,"grey60"
"GO:0050808","synapse organization",0.0575539568345324,0.0171444436732144,2.81929636758938e-05,0.00748758126958947,0.00629890162127207,"Mapt/Ppfia4/Tsc1/Dab2ip/Anapc2/Epha5/Wasf3/Camk1/Vstm5/Rims3/Igsf9b/Sema3f/Zdhhc2/Ptprt/Plxnb1/Ntng1",16,"grey60"
"GO:0045926","negative regulation of growth",0.0539568345323741,0.00919691816478101,5.30972031635562e-08,0.000169220786482253,0.000142356396271134,"Ankrd26/Meis1/Pnpt1/Gng4/Rb1/Bcl6/Fhl1/Dab2ip/Cda/Rnf6/Rerg/Zfp418/Sema3f/Jarid2/Minar1",15,"grey60"
"GO:0042326","negative regulation of phosphorylation",0.0539568345323741,0.0138821406260845,9.21071254463521e-06,0.00386735645053628,0.0032534001220471,"Mapt/Sfrp5/Arrb1/Nf1/Pde4d/Gfra2/Rb1/Cblb/Impact/Dab2ip/Zfp418/Socs5/Atg14/Camk2n2/Ptprt",15,"grey60"
"GO:0001933","negative regulation of protein phosphorylation",0.0503597122302158,0.0122162837509544,9.49702583379342e-06,0.00386735645053628,0.0032534001220471,"Sfrp5/Arrb1/Nf1/Pde4d/Gfra2/Rb1/Cblb/Impact/Dab2ip/Zfp418/Socs5/Atg14/Camk2n2/Ptprt",14,"grey60"
"GO:0006820","anion transport",0.0503597122302158,0.0172832650794753,0.000379963700213071,0.0360371446458728,0.0303161222112986,"Slc5a5/Glra2/Ace/Nf1/Grik1/Grm2/Slc66a1/Avp/Slc7a1/Htr2c/Slc36a4/Gabrg3/Grm7/Rab11b",14,"grey60"
"GO:0031667","response to nutrient levels",0.0467625899280576,0.0129450961338238,7.66024348948287e-05,0.0162754640006546,0.0136916773106757,"Hfe/Rxra/Mapt/Impact/Tsc1/Slc25a25/Eif2ak3/Inhbb/Depdc5/Atg14/Htr2c/Mc4r/Tnrc6a",13,"grey60"
"GO:0051098","regulation of binding",0.0467625899280576,0.0137780245713889,0.000142313671108573,0.0219468285658832,0.0184626929656019,"Hfe/Arrb1/Pcbd1/Ace/Gtpbp4/Rb1/Ercc4/Cblb/Camk1/Eif2ak3/Dzip1/Grem2/Hmga2",13,"grey60"
"GO:0048638","regulation of developmental growth",0.0467625899280576,0.013951551329215,0.000160890266108279,0.0219666977681577,0.018479407862698,"Ankrd26/Mapt/Meis1/Stat5b/Anapc2/Rnf6/Zfp418/Sema3f/Rims2/Jarid2/Sh3pxd2b/Hmga2/Flvcr1",13,"grey60"
"GO:0009991","response to extracellular stimulus",0.0467625899280576,0.0140903727354758,0.000177218668929371,0.0225918359151162,0.0190053031479203,"Hfe/Rxra/Mapt/Impact/Tsc1/Slc25a25/Eif2ak3/Inhbb/Depdc5/Atg14/Htr2c/Mc4r/Tnrc6a",13,"grey60"
"GO:0050767","regulation of neurogenesis",0.0467625899280576,0.0157909349621712,0.000525133105550566,0.0452324110105312,0.0380516079612316,"Golga2/Mapt/Ace/Nf1/Dlx2/Anapc2/Rnf6/Pcm1/Sema3f/Cul7/Plxnb1/Map6/Hmga2",13,"grey60"
"GO:0043087","regulation of GTPase activity",0.0431654676258993,0.0119733462899979,0.000146728811798438,0.0219468285658832,0.0184626929656019,"Sipa1l2/Arrb1/Nf1/Rgs6/Bcl6/Cblb/Tsc1/Dab2ip/Epha5/Tbc1d9/Plxnb1/Arhgap24",12,"grey60"
"GO:0043010","camera-type eye development",0.0431654676258993,0.012979801485389,0.000306962898695856,0.0321866906733033,0.0270769412398737,"Rxra/Rab11fip4/Meis1/Nf1/Dlx2/Ift140/Zeb1/Slc25a25/Hsf4/Ptprm/Mab21l1/Nhs",12,"grey60"
"GO:0030308","negative regulation of cell growth",0.039568345323741,0.00707989171930312,5.19135144891595e-06,0.00330896741353903,0.00278365729271346,"Gng4/Rb1/Bcl6/Fhl1/Dab2ip/Cda/Rnf6/Rerg/Zfp418/Sema3f/Minar1",11,"grey60"
"GO:0045444","fat cell differentiation",0.039568345323741,0.0091622128132158,5.67451411953034e-05,0.0133636536179128,0.0112421269845669,"Ankrd26/Fam120b/Trib2/Pex11a/Eif2ak3/Crebl2/Inhbb/Sh3pxd2b/Dlk1/Htr2c/Hmga2",11,"grey60"
"GO:0007626","locomotory behavior",0.039568345323741,0.00919691816478101,5.87044714938122e-05,0.0133636536179128,0.0112421269845669,"Mapt/Meis1/Tsc1/Olfm2/Avp/Egr1/Pbx3/Adam22/Htr2c/Pcdh15/Fign",11,"grey60"
"GO:0030072","peptide hormone secretion",0.039568345323741,0.0100645519539113,0.000130508456734132,0.0219468285658832,0.0184626929656019,"Crhr2/Hfe/Arrb1/Epha5/Inhbb/Rims2/Htr2c/Mc4r/Vsnl1/Hmga2/Rab11b",11,"grey60"
"GO:0061448","connective tissue development",0.039568345323741,0.0102380787117374,0.000151499914794299,0.0219468285658832,0.0184626929656019,"Rb1/Dlx2/Zeb1/Ltbp3/Slc25a25/Eif2ak3/Rxfp1/Egr1/Sh3pxd2b/Hmga2/Bpnt2",11,"grey60"
"GO:0002790","peptide secretion",0.039568345323741,0.010342194766433,0.000165422261197297,0.0219666977681577,0.018479407862698,"Crhr2/Hfe/Arrb1/Epha5/Inhbb/Rims2/Htr2c/Mc4r/Vsnl1/Hmga2/Rab11b",11,"grey60"
"GO:0015833","peptide transport",0.039568345323741,0.0111057125008676,0.000304766216710116,0.0321866906733033,0.0270769412398737,"Crhr2/Hfe/Arrb1/Epha5/Inhbb/Rims2/Htr2c/Mc4r/Vsnl1/Hmga2/Rab11b",11,"grey60"
"GO:0046942","carboxylic acid transport",0.0359712230215827,0.0100298466023461,0.000540268900009288,0.0453114995876211,0.0381181409507938,"Ace/Nf1/Grik1/Grm2/Slc66a1/Avp/Slc7a1/Htr2c/Slc36a4/Grm7",10,"grey60"
"GO:0006865","amino acid transport",0.0323741007194245,0.00555285625043382,2.69483232718963e-05,0.00748758126958947,0.00629890162127207,"Nf1/Grik1/Grm2/Slc66a1/Avp/Slc7a1/Htr2c/Slc36a4/Grm7",9,"grey60"
"GO:0030534","adult behavior",0.0323741007194245,0.00655931144582495,9.81639399862858e-05,0.0195530297960183,0.0164489181016493,"Mapt/Grik1/Grm2/Tsc1/Pbx3/Adam22/Htr2c/Pcdh15/Grm7",9,"grey60"
"GO:0043393","regulation of protein binding",0.0323741007194245,0.00756576664121608,0.000285964727890325,0.0321866906733033,0.0270769412398737,"Hfe/Arrb1/Pcbd1/Ace/Cblb/Camk1/Eif2ak3/Dzip1/Grem2",9,"grey60"
"GO:0035264","multicellular organism growth",0.0323741007194245,0.00773929339904213,0.000337703471026971,0.0336331550675924,0.0282937743653189,"Ankrd26/Stat5b/Pde4d/Slc25a25/Sh3pxd2b/Dlk1/Pcdh15/Hmga2/Flvcr1",9,"grey60"
"GO:0033673","negative regulation of kinase activity",0.0323741007194245,0.00787811480530298,0.00038445651646052,0.0360371446458728,0.0303161222112986,"Mapt/Sfrp5/Nf1/Rb1/Cblb/Dab2ip/Socs5/Camk2n2/Ptprt",9,"grey60"
"GO:0045664","regulation of neuron differentiation",0.0323741007194245,0.00836398972721594,0.000592041276216567,0.047170888682555,0.0396823455400947,"Meis1/Nf1/Spag9/Rgs6/Bcl6/Dlx2/Zeb1/Impact/Ttc3",9,"grey60"
"GO:0098876","vesicle-mediated transport to the plasma membrane",0.0251798561151079,0.00499757062539044,0.000515311186653204,0.0452324110105312,0.0380516079612316,"Rab11fip4/Exoc6b/Zdhhc2/Ankrd50/Stxbp6/Arl4c/Rab11b",7,"grey60"
"GO:0008593","regulation of Notch signaling pathway",0.0215827338129496,0.00312348164086902,0.000241483563106844,0.0296003121392889,0.0249011593211794,"Cd46/Arrb1/Bcl6/Dlx2/Gas2/Dlk1",6,"grey60"
"GO:0032006","regulation of TOR signaling",0.0215827338129496,0.0036787672659124,0.000582039460133232,0.047170888682555,0.0396823455400947,"Tsc1/Ubr1/Depdc5/Minar1/Slc7a1/Gpr137c",6,"grey60"
"GO:0051955","regulation of amino acid transport",0.0179856115107914,0.00180467828139099,0.000144671165960265,0.0219468285658832,0.0184626929656019,"Grik1/Grm2/Avp/Htr2c/Grm7",5,"grey60"
"GO:0071168","protein localization to chromatin",0.0143884892086331,0.00114527660165197,0.000278346913687303,0.0321866906733033,0.0270769412398737,"Rb1/Msh2/Pphln1/Jarid2",4,"grey60"
"GO:0014047","glutamate secretion",0.0143884892086331,0.00117998195321719,0.000313080455247067,0.0321866906733033,0.0270769412398737,"Nf1/Grm2/Avp/Grm7",4,"grey60"
"GO:0045746","negative regulation of Notch signaling pathway",0.0143884892086331,0.00128409800791282,0.000435857389929462,0.0396879286201485,0.0333873314932433,"Arrb1/Bcl6/Dlx2/Dlk1",4,"grey60"
"GO:0090713","immunological memory process",0.0107913669064748,0.000381758867217325,0.000138430124551547,0.0219468285658832,0.0184626929656019,"Cd46/Bcl6/Tsc1",3,"grey60"
"GO:0042063","gliogenesis",0.0680786686838124,0.012146873047824,7.64785822577549e-21,1.00052401994694e-17,6.77154570107434e-18,"Metrn/Ppp1cc/Ndrg1/Cnp/Sirt2/Cers2/Erbb3/Pmp22/Psen1/Itgb4/Aspa/Tppp/Il6st/Enpp2/Tcf7l2/Pard3/Serpine2/Notch1/Abca2/Mal/P2ry1/Tspan2/Lef1/Ezh2/Klf15/Cd9/Plp1/Trf/Sox10/Fa2h/Myrf/Mag/Cntnap2/Abcc8/Nkx6-2/Atp1b2/Gjc2/Ptpn11/Kcnj10/Olig1/Opalin/Cntn2/Zcchc24/Qk/Arhgef10",45,"yellow"
"GO:0050767","regulation of neurogenesis",0.0544629349470499,0.0157909349621712,1.48266741509204e-10,6.55743361311162e-08,4.43807050182575e-08,"Serpinf1/Metrn/Hltf/Stk11/Ppp1cc/Sirt2/Cers2/Psen1/Sgk1/Aspa/Il6st/Enpp2/Vegfa/Trak2/Serpine2/Notch1/Ezh2/Plxnb3/Dixdc1/Drd2/Ryk/Trf/Sox10/Spg20/Mag/Sh3glb1/Ctnna1/Picalm/Abcc8/Chd7/Nkx6-2/Mbp/Gjc2/Zcchc24/Qk/Rgma",36,"yellow"
"GO:0010001","glial cell differentiation",0.0529500756429652,0.00898868605538974,3.58953284782726e-17,3.49261546093593e-14,2.36380184168499e-14,"Metrn/Ndrg1/Cnp/Sirt2/Erbb3/Pmp22/Psen1/Itgb4/Aspa/Tppp/Il6st/Enpp2/Tcf7l2/Pard3/Serpine2/Notch1/Abca2/Mal/Tspan2/Lef1/Klf15/Plp1/Sox10/Fa2h/Myrf/Mag/Cntnap2/Nkx6-2/Ptpn11/Kcnj10/Olig1/Opalin/Cntn2/Qk/Arhgef10",35,"yellow"
"GO:0007272","ensheathment of neurons",0.0514372163388805,0.00617755257860762,1.36452559232049e-21,3.31920850331959e-18,2.24644002777815e-18,"Ngfr/Ndrg1/Bcas1/Sirt2/Pmp22/Itgb4/Tppp/Serinc5/Tcf7l2/Pard3/Abca2/Mal/Tspan2/Cd9/Plp1/Pllp/Mtmr2/Trf/Ugt8a/Sox10/Fa2h/Myrf/Mag/Cldn11/Cntnap2/Nkx6-2/Mbp/Kcnj10/Gal3st1/Cntn2/Jam2/Gjc3/Qk/Arhgef10",34,"yellow"
"GO:0008366","axon ensheathment",0.0514372163388805,0.00617755257860762,1.36452559232049e-21,3.31920850331959e-18,2.24644002777815e-18,"Ngfr/Ndrg1/Bcas1/Sirt2/Pmp22/Itgb4/Tppp/Serinc5/Tcf7l2/Pard3/Abca2/Mal/Tspan2/Cd9/Plp1/Pllp/Mtmr2/Trf/Ugt8a/Sox10/Fa2h/Myrf/Mag/Cldn11/Cntnap2/Nkx6-2/Mbp/Kcnj10/Gal3st1/Cntn2/Jam2/Gjc3/Qk/Arhgef10",34,"yellow"
"GO:0042552","myelination",0.0499243570347958,0.00607343652391199,8.22630232227701e-21,1.00052401994694e-17,6.77154570107434e-18,"Ngfr/Ndrg1/Bcas1/Sirt2/Pmp22/Itgb4/Tppp/Serinc5/Tcf7l2/Pard3/Abca2/Mal/Tspan2/Cd9/Plp1/Pllp/Mtmr2/Trf/Ugt8a/Sox10/Fa2h/Myrf/Mag/Cntnap2/Nkx6-2/Mbp/Kcnj10/Gal3st1/Cntn2/Jam2/Gjc3/Qk/Arhgef10",33,"yellow"
"GO:0001667","ameboidal-type cell migration",0.0499243570347958,0.0156868189074755,6.48184961118878e-09,2.27321311867175e-06,1.53851044197658e-06,"Gna12/Acvrl1/Serpinf1/Rin2/Prkd1/Coro1c/Sash1/Nfe2l2/Pmp22/Adora2b/Sparc/Itgb4/Ednrb/Enpp2/Vegfa/Itgb1/Map4k4/Glul/Notch1/Wasf2/Nos3/Adipor2/Ets1/Prr5l/Sox10/Anln/Nrtn/Isl1/Ptpn11/Tns1/Dock1/Bcas3/Ptp4a3",33,"yellow"
"GO:0007409","axonogenesis",0.0499243570347958,0.0171097383216492,5.2216357674102e-08,9.07259214587522e-06,6.14032957911996e-06,"Ngfr/Metrn/Stk11/Kif5b/Cnp/Pmp22/Lama2/Psen1/Vegfa/Itgb1/Trak2/Notch1/Dlx5/Fgfr2/Plxnb3/Dixdc1/Drd2/Ephb1/Ryk/Dnm2/Spg20/Mag/Notch3/Picalm/Cntnap2/Mbp/Isl1/Ptpn11/Flrt3/Cntn2/Rgma/Rhog/Kif5a",33,"yellow"
"GO:0006914","autophagy",0.0453857791225416,0.0161032831262581,4.40273630451255e-07,4.04137964555727e-05,2.73520539434265e-05,"Prkd1/Atg4d/Stk11/Sirt2/Nbr1/Pmp22/Psen1/Rnf185/Itgb4/Pacs2/Retreg1/Arsa/Tbc1d5/Npc1/Pip4k2a/Atg13/Rab33b/Ufm1/Drd2/Parl/Lrrk2/Sh3glb1/Dap/Wipi1/Rimoc1/Wdr41/Fez2/Ilrun/Stx17/Syt11",30,"yellow"
"GO:0061919","process utilizing autophagic mechanism",0.0453857791225416,0.0161032831262581,4.40273630451255e-07,4.04137964555727e-05,2.73520539434265e-05,"Prkd1/Atg4d/Stk11/Sirt2/Nbr1/Pmp22/Psen1/Rnf185/Itgb4/Pacs2/Retreg1/Arsa/Tbc1d5/Npc1/Pip4k2a/Atg13/Rab33b/Ufm1/Drd2/Parl/Lrrk2/Sh3glb1/Dap/Wipi1/Rimoc1/Wdr41/Fez2/Ilrun/Stx17/Syt11",30,"yellow"
"GO:1903829","positive regulation of protein localization",0.0453857791225416,0.0170403276185188,1.42032469313557e-06,9.8712566172922e-05,6.68086562425272e-05,"Ngfr/Prkd1/Stk11/Kif5b/Psen1/Glud1/Vegfa/Tcf7l2/Itgb1/Glul/Epb41/Rdx/Zic1/Snx33/Prr5l/Rangrf/Pfkm/Zdhhc5/Sh3glb1/Isl1/Crebrf/Pls1/Tnfaip6/Abat/Bcas3/Ptp4a3/Nr1h2/Syt11/Rhog/Wipf1",30,"yellow"
"GO:0031589","cell-substrate adhesion",0.0438729198184569,0.0129450961338238,1.35822336705831e-08,3.47776667407299e-06,2.35375218402127e-06,"Acvrl1/Rin2/Ddr1/Coro1c/Bcan/Itgb4/Sorbs3/Enpp2/Apod/Vegfa/P4hb/Itgb1/Map4k4/Notch1/Itga6/Spp1/Parva/Gpm6b/Sfrp1/Ephb1/Dnm2/Tesk2/Itga9/Atp1b2/Ptpn11/Cntn2/Dock1/Bcas3/Fbln2",29,"yellow"
"GO:0031346","positive regulation of cell projection organization",0.0438729198184569,0.0153744707433886,5.31050371604993e-07,4.69738192337871e-05,3.17918767919697e-05,"Ngfr/Serpinf1/Metrn/Prkd1/Stk11/Coro1c/Nfe2l2/Sgk1/Enpp2/Vegfa/Itgb1/Serpine2/Itga6/Wasf2/Scarb2/Ezh2/Plxnb3/Dixdc1/Dnm2/Anln/Sh3glb1/Picalm/Atp1b2/Cdc42ep1/Bcas3/Qk/Rap1a/Rgma/Pcp4",29,"yellow"
"GO:0050673","epithelial cell proliferation",0.0438729198184569,0.0165197473450406,2.24629183807693e-06,0.000125611606807405,8.5013924615906e-05,"Ngfr/Acvrl1/Serpinf1/Prkd1/Cdkn1b/Stk11/Rps6ka1/Adora2b/Sparc/Psen1/Ednrb/Rida/Wfdc1/Vegfa/Tcf7l2/Pdcl3/Glul/Notch1/F3/Dlx5/Fgfr2/Plxnb3/Sfrp1/Sgpp2/Adk/Isl1/Serpinb1a/Gpc3/Nrarp",29,"yellow"
"GO:1901361","organic cyclic compound catabolic process",0.0438729198184569,0.0165544526966058,2.34096641055196e-06,0.000129418199856083,8.75902264618004e-05,"Smg5/Cnp/Carhsp1/Entpd2/Qdpr/Nfe2l2/Mgat1/Nbas/Entpd5/Aldh6a1/Ephx2/Rida/Hsf1/Vegfa/Enpp5/Enpp4/Nudt3/Maoa/Exosc3/Fastk/Spp1/Hsd17b11/Aldh1l1/Fah/Prr5l/Entpd3/Nudt18/Qk/Plekhn1",29,"yellow"
"GO:0034329","cell junction assembly",0.0423600605143722,0.0153050600402582,1.51475001899658e-06,0.00010205700169229,6.90721699125836e-05,"Acvrl1/Lsr/Coro1c/Pmp22/Itgb4/Enpp2/Apod/Vegfa/Itgb1/Pard3/Map4k4/Pdlim5/Cd9/Gpm6b/Ephb1/Ugt8a/Tesk2/Cldn11/Ctnna1/Tbcd/Cntnap2/Ptpn11/Cdh19/Flrt3/Tns1/Bcas3/Rap1a/Syndig1",28,"yellow"
"GO:0010959","regulation of metal ion transport",0.0423600605143722,0.0154785867980843,1.88473612171589e-06,0.000113200509038862,7.66140947203027e-05,"Prkd1/Kif5b/Atp1a2/Sgk1/Itgb1/Oprk1/Serpine2/Pacsin3/Epb41/Nos3/Nipsnap2/G6pdx/Plp1/Drd2/Atp1b3/Trf/Rangrf/Dnm2/Oxsr1/Neto2/Pln/Abcc8/Chd7/Atp1b2/Adora1/Gjc2/Scn4b/Plcb1",28,"yellow"
"GO:0006753","nucleoside phosphate metabolic process",0.0423600605143722,0.0157909349621712,2.76709115057856e-06,0.000147932949973238,0.00010012100773869,"Gmpr/Cs/Cnp/Adssl1/Entpd2/Slc25a13/Pipox/Adora2b/Psen1/Dip2a/Ogdh/Entpd5/Gart/Enpp5/Nudt3/Hsd17b4/Ak3/Ak1/Nos3/G6pdx/Kars/Pfkm/Lrrk2/Acaa2/Adk/Entpd3/Nudt18/Slc4a4",28,"yellow"
"GO:0031331","positive regulation of cellular catabolic process",0.0423600605143722,0.0159991670715624,3.55132214409136e-06,0.000181392310503372,0.000122766300049667,"Prkd1/Stk11/Sirt2/Psen1/Rnf185/Entpd5/Rida/Hsf1/Pnpla2/Dnajb2/Pip4k2a/Abca2/Atg13/Pacsin3/Exosc3/Ccdc22/Rdx/Abhd5/Snx33/Prr5l/Lrrk2/Sh3glb1/Ankib1/Wipi1/Slc4a4/Qk/Rgma/Plekhn1",28,"yellow"
"GO:0044282","small molecule catabolic process",0.0408472012102874,0.0115915874227806,1.90773775873021e-08,4.41959247439165e-06,2.99117980416446e-06,"Abhd3/Qdpr/Pipox/Mgat1/Aldh6a1/Glud1/Acat2/Enpp4/Nudt3/Hsd17b4/Asrgl1/Inpp5a/Adhfe1/Acadl/Gad2/Abcd3/Ddah1/Nos3/Aldh1l1/Fah/Mtmr2/Etfa/Pfkm/Aldh5a1/Acaa2/Gls2/Abat",27,"yellow"
"GO:0010639","negative regulation of organelle organization",0.0408472012102874,0.0129450961338238,1.83035429212921e-07,2.28324964902785e-05,1.54530316485295e-05,"Kat2b/Hip1r/Mid1ip1/Evi5l/Sgk1/Pttg1/Tbc1d7/Nubp1/Gsn/Nbn/Wasf2/Anapc15/Fgfr2/Rdx/Cgnl1/Dnm2/Parl/Gas2l1/Mad2l1bp/Lrrk2/Acaa2/Arpin/Tbcd/Cdk5rap2/S1pr1/Fez2/Tubb4a",27,"yellow"
"GO:0010720","positive regulation of cell development",0.0408472012102874,0.0131186228916499,2.38670173700923e-07,2.83202535379266e-05,1.91671451434272e-05,"Serpinf1/Metrn/Stk11/Ppp1cc/Sirt2/Sgk1/Aspa/Il6st/Enpp2/Vegfa/P4hb/Serpine2/Notch1/Plxnb3/Dixdc1/Drd2/Trf/Sox10/Dnm2/Mag/Sh3glb1/Picalm/Abcb1a/Nkx6-2/Gjc2/Dock1/Qk",27,"yellow"
"GO:0007264","small GTPase mediated signal transduction",0.0408472012102874,0.0149580065246061,2.98606228517425e-06,0.000156907400886069,0.000106194915339779,"Ngfr/Gna12/Prkd1/Abca1/Srgap1/Rhobtb3/Erbin/Itgb1/Map4k4/Notch1/Rab33b/Wasf2/Rab30/Cgnl1/Rangrf/Rasgrp2/Dnm2/Dock10/Lpar1/Cdc42ep1/Cadm4/Dock1/Garre1/Rap1a/Rasgrp3/Arhgef10/Rhog",27,"yellow"
"GO:0045765","regulation of angiogenesis",0.0393343419062027,0.0106545429305199,1.35359829859664e-08,3.47776667407299e-06,2.35375218402127e-06,"Ngfr/Acvrl1/Serpinf1/Prkd1/Sash1/Nfe2l2/Sparc/Enpp2/Vegfa/Slc12a2/Itgb1/Pdcl3/Glul/F3/Ddah1/Nos3/Tspan12/Gab1/Ets1/Cd59a/Slc39a12/Abcc8/Isl1/Foxo4/Hipk2/Hhip",26,"yellow"
"GO:1901342","regulation of vasculature development",0.0393343419062027,0.0107933643367807,1.76471214436487e-08,4.29266229116754e-06,2.90527346714385e-06,"Ngfr/Acvrl1/Serpinf1/Prkd1/Sash1/Nfe2l2/Sparc/Enpp2/Vegfa/Slc12a2/Itgb1/Pdcl3/Glul/F3/Ddah1/Nos3/Tspan12/Gab1/Ets1/Cd59a/Slc39a12/Abcc8/Isl1/Foxo4/Hipk2/Hhip",26,"yellow"
"GO:0022604","regulation of cell morphogenesis",0.0393343419062027,0.0117304088290414,9.41128283460094e-08,1.38745124213132e-05,9.39026880594314e-06,"Gna12/Coro1c/Cd44/Sparc/Sgk1/Rhobtb3/Enpp2/Vegfa/P4hb/Ermn/P2ry1/Epb41/Myh14/Parva/Plxnb3/Rdx/Dnm2/Sh3glb1/Lpar1/Picalm/Strip2/Sh3kbp1/Cdc42ep1/Cntn2/Dock1/Rhog",26,"yellow"
"GO:0021700","developmental maturation",0.0393343419062027,0.01232039980565,2.45799829031791e-07,2.84718135295158e-05,1.92697209326176e-05,"Bcan/Sirt2/Pmp22/Psen1/Septin4/Ednrb/Vegfa/Epas1/Anks1/Gdf11/Grb14/Notch1/G6pdx/Plp1/Snx19/Sox10/Lrrk2/Six3/Bloc1s5/Picalm/Cntnap2/S1pr1/Plcb1/Arhgef15/Cntn2/Unc13c",26,"yellow"
"GO:1902903","regulation of supramolecular fiber organization",0.0393343419062027,0.013465676407302,1.32667857564084e-06,9.35404531955465e-05,6.33081706270719e-05,"Hip1r/Cdkn1b/Mid1ip1/Psen1/Sgk1/Sorbs3/Gsn/Gba2/Wasf2/Rdx/Cryab/Cgnl1/Rangrf/Gas2l1/Slc39a12/Lpar1/Arpin/Tbcd/Cdk5rap2/S1pr1/Cdc42ep1/Arhgef15/Slain1/Tubb4a/Arhgef10/Arfip1",26,"yellow"
"GO:0051271","negative regulation of cellular component movement",0.037821482602118,0.0108974803914764,8.57609069394219e-08,1.3038337883134e-05,8.82434595087209e-06,"Ngfr/Gna12/Acvrl1/Serpinf1/Cdkn1b/Coro1c/Cers2/Nfe2l2/Srgap1/Apod/Notch1/Frmd5/Padi2/Adipor2/Cd9/Plxnb3/Sfrp1/Drd2/Clic4/Ctnna1/Abcc8/Atp1b2/Adora1/Plcb1/Tnfaip6",25,"yellow"
"GO:0032386","regulation of intracellular transport",0.037821482602118,0.0116957034774762,3.28637422039404e-07,3.53030834986296e-05,2.38931238564859e-05,"Prkd1/Stk11/Ppp1cc/Kif5b/Nolc1/Psen1/Apod/Tcf7l2/Abca2/Ufm1/Mtmr2/Rdx/Cryab/Zic1/Prr5l/Parl/Lrrk2/Sh3glb1/Pln/Inpp5f/Ptpn11/Crebrf/Bcas3/Arfip1/Wipf1",25,"yellow"
"GO:0040013","negative regulation of locomotion",0.037821482602118,0.0117998195321719,3.87824322192809e-07,3.77353065493603e-05,2.5539252206718e-05,"Ngfr/Gna12/Acvrl1/Serpinf1/Coro1c/Cers2/Nfe2l2/Srgap1/Apod/Notch1/Frmd5/Padi2/Adipor2/Plxnb3/Sfrp1/Drd2/Ryk/Clic4/Ctnna1/Abcc8/Atp1b2/Adora1/Plcb1/Tnfaip6/Arrdc3",25,"yellow"
"GO:0051962","positive regulation of nervous system development",0.037821482602118,0.0124592212119109,1.05608185424792e-06,7.6684152550987e-05,5.18998278097014e-05,"Serpinf1/Metrn/Stk11/Ppp1cc/Sgk1/Aspa/Il6st/Enpp2/Vegfa/Serpine2/Notch1/Plxnb3/Dixdc1/Drd2/Ephb1/Trf/Sox10/Mag/Sh3glb1/Picalm/Nkx6-2/Gjc2/Flrt3/Qk/Syndig1",25,"yellow"
"GO:0034764","positive regulation of transmembrane transport",0.0363086232980333,0.00878045394599847,5.42468397625727e-09,2.1992572953743e-06,1.48845714716954e-06,"Kif5b/Nfe2l2/Erbb3/Psen1/Itgb1/Oprk1/Ak1/Car2/Nipsnap2/Klf15/Adipor2/G6pdx/Plp1/Atp1b3/Dnm2/Abcc8/Abcb1a/Atp1b2/Gjc2/Ptpn11/Plcb1/Repin1/Gpc3/Rap1a",24,"yellow"
"GO:0060249","anatomical structure homeostasis",0.0363086232980333,0.0113833553133893,7.20948215717882e-07,5.99953831051352e-05,4.06048700931169e-05,"Lsr/Stk11/Vegfa/Epas1/Col11a2/Slc12a2/Tjp2/Itgb1/Notch1/Traf6/Car2/P2ry1/Nos3/Spp1/Bbs2/Trf/Pfkm/Abcc8/Abcb1a/Atp1b2/Mbp/Ptpn11/S1pr1/Adgrf5",24,"yellow"
"GO:0043087","regulation of GTPase activity",0.0363086232980333,0.0119733462899979,1.76048119680781e-06,0.00011047886893601,7.47720889342431e-05,"Coro1c/Evi5l/Tbc1d7/Tbc1d5/Lars/Itgb1/Map4k4/Itga6/Ezh2/Plxnb3/Rdx/Rasgrp2/Lrrk2/Dock10/Picalm/Wdr41/S1pr1/Arhgef15/Bcas3/Rap1a/Rgma/Rasgrp3/Arhgef10/Rhog",24,"yellow"
"GO:0030100","regulation of endocytosis",0.0347957639939486,0.00822516832095509,7.3155646095941e-09,2.27321311867175e-06,1.53851044197658e-06,"Hip1r/Sirt2/Tbc1d5/Vegfa/Cd151/Itgb1/Pard3/Abca2/Pacsin3/Ppt1/Mtmr2/Drd2/Trf/Snx33/Dnm2/Bmp2k/Lrrk2/Picalm/Gsg1l/Gpc3/Rab31/Nr1h2/Syt11",23,"yellow"
"GO:0006520","cellular amino acid metabolic process",0.0347957639939486,0.00898868605538974,3.87615769913068e-08,7.54300288250831e-06,5.10510369805506e-06,"Adssl1/Qdpr/Pipox/Adi1/Aldh6a1/Glud1/Gart/Lars/Psat1/Asrgl1/Adhfe1/Glul/Gad2/Ddah1/Nos3/Fah/Kars/Etfa/Aldh5a1/Kyat1/Gls2/Abat/Cyp2d22",23,"yellow"
"GO:2000146","negative regulation of cell motility",0.0347957639939486,0.0105851322273895,7.27590463145525e-07,5.99953831051352e-05,4.06048700931169e-05,"Ngfr/Gna12/Acvrl1/Serpinf1/Coro1c/Cers2/Nfe2l2/Srgap1/Apod/Notch1/Frmd5/Padi2/Adipor2/Plxnb3/Sfrp1/Drd2/Clic4/Ctnna1/Abcc8/Atp1b2/Adora1/Plcb1/Tnfaip6",23,"yellow"
"GO:0048709","oligodendrocyte differentiation",0.0332829046898638,0.00412993683626015,3.90862479967918e-14,3.1692432750732e-11,2.14494357428008e-11,"Cnp/Sirt2/Aspa/Tppp/Enpp2/Tcf7l2/Notch1/Abca2/Mal/Tspan2/Plp1/Sox10/Fa2h/Myrf/Mag/Cntnap2/Nkx6-2/Kcnj10/Olig1/Opalin/Cntn2/Qk",22,"yellow"
"GO:0021782","glial cell development",0.0332829046898638,0.00423405289095579,6.69214300225918e-14,4.65103938657013e-11,3.14782305429575e-11,"Ndrg1/Sirt2/Pmp22/Psen1/Itgb4/Tppp/Tcf7l2/Pard3/Abca2/Mal/Tspan2/Plp1/Sox10/Fa2h/Myrf/Mag/Cntnap2/Nkx6-2/Kcnj10/Olig1/Cntn2/Arhgef10",22,"yellow"
"GO:0006898","receptor-mediated endocytosis",0.0332829046898638,0.00923162351634622,2.64497966506728e-07,2.99251769082612e-05,2.02533571415678e-05,"Hip1r/Sirt2/Tbc1d5/Vegfa/Itgb1/Pard3/Abca2/Ppt1/Scarb2/Cd9/Mtmr2/Drd2/Trf/Dnm2/Bmp2k/Picalm/Inpp5f/Gsg1l/Htr1b/Cntn2/Rab31/Syt11",22,"yellow"
"GO:0001894","tissue homeostasis",0.0332829046898638,0.00992573054765045,9.0669992963399e-07,7.23130353716289e-05,4.89414560810202e-05,"Lsr/Stk11/Vegfa/Epas1/Col11a2/Slc12a2/Tjp2/Itgb1/Notch1/Traf6/Car2/Nos3/Spp1/Bbs2/Trf/Abcc8/Abcb1a/Atp1b2/Mbp/Ptpn11/S1pr1/Adgrf5",22,"yellow"
"GO:0050769","positive regulation of neurogenesis",0.0332829046898638,0.010342194766433,1.79400424377076e-06,0.00011047886893601,7.47720889342431e-05,"Serpinf1/Metrn/Stk11/Ppp1cc/Sgk1/Aspa/Il6st/Enpp2/Vegfa/Serpine2/Notch1/Plxnb3/Dixdc1/Drd2/Trf/Sox10/Mag/Sh3glb1/Picalm/Nkx6-2/Gjc2/Qk",22,"yellow"
"GO:0090287","regulation of cellular response to growth factor stimulus",0.0332829046898638,0.0104116054695634,2.00245166278445e-06,0.000117372618547547,7.94377780746959e-05,"Ngfr/Acvrl1/Stk11/Tcf7l2/Notch1/Tspan12/Sfrp1/Cd59a/Dnm2/Sostdc1/Spg20/Sh3glb1/Nrep/Dand5/Tnfaip6/Cadm4/Gpc3/Elapor2/Ptp4a3/Hipk2/Hhip/Rgma",22,"yellow"
"GO:0061351","neural precursor cell proliferation",0.0317700453857791,0.00690636496147706,7.47613769758439e-09,2.27321311867175e-06,1.53851044197658e-06,"Ngfr/Sirt2/Ctsz/Nde1/Vegfa/Notch1/Lef1/Fgfr2/Dixdc1/Drd2/Ephb1/Trf/Sox10/Lrrk2/Tacc3/Ctnna1/Six3/Zfp503/Cntnap2/Gjc2/Hhip",21,"yellow"
"GO:0031345","negative regulation of cell projection organization",0.0317700453857791,0.00746165058652044,2.93140027975883e-08,6.20054885262031e-06,4.19653092681264e-06,"Ngfr/Evi5l/Cers2/Ctsz/Pmp22/Psen1/Tbc1d7/Itgb1/Trak2/Plxnb3/Ryk/Dnm2/Dennd5a/Lrrk2/Spg20/Mag/Lpar1/Mbp/Inpp5f/H2-K1/Rgma",21,"yellow"
"GO:0046395","carboxylic acid catabolic process",0.0317700453857791,0.00760047199278129,4.03988965113378e-08,7.55925505875609e-06,5.11610316953298e-06,"Abhd3/Qdpr/Pipox/Aldh6a1/Glud1/Acat2/Hsd17b4/Asrgl1/Adhfe1/Acadl/Gad2/Abcd3/Ddah1/Nos3/Aldh1l1/Fah/Etfa/Aldh5a1/Acaa2/Gls2/Abat",21,"yellow"
"GO:0016054","organic acid catabolic process",0.0317700453857791,0.00766988269591171,4.72883807116607e-08,8.52066563563813e-06,5.76678576475925e-06,"Abhd3/Qdpr/Pipox/Aldh6a1/Glud1/Acat2/Hsd17b4/Asrgl1/Adhfe1/Acadl/Gad2/Abcd3/Ddah1/Nos3/Aldh1l1/Fah/Etfa/Aldh5a1/Acaa2/Gls2/Abat",21,"yellow"
"GO:0006814","sodium ion transport",0.0317700453857791,0.00860692718817242,3.33800995053847e-07,3.53030834986296e-05,2.38931238564859e-05,"Kif5b/Atp1a2/Sgk1/Hcn2/Ednrb/Slc38a2/Slc38a1/Slc12a2/Serpine2/Slc20a1/Nos3/Drd2/Atp1b3/Rangrf/Asic4/Dnm2/Neto2/Atp1b2/Scn4b/Plcb1/Slc4a4",21,"yellow"
"GO:0043547","positive regulation of GTPase activity",0.0317700453857791,0.00888457000069411,5.63762070903714e-07,4.89768299097602e-05,3.31475142441131e-05,"Coro1c/Evi5l/Tbc1d7/Tbc1d5/Lars/Itgb1/Map4k4/Itga6/Ezh2/Rasgrp2/Dock10/Picalm/Wdr41/S1pr1/Arhgef15/Bcas3/Rap1a/Rgma/Rasgrp3/Arhgef10/Rhog",21,"yellow"
"GO:0007626","locomotory behavior",0.0317700453857791,0.00919691816478101,9.90050259283994e-07,7.64531390886544e-05,5.17434779183883e-05,"Cnp/Atp1a2/Pmp22/Chat/Npc1/Oprk1/Abca2/Ppt1/Drd2/Zic1/Lrrk2/Cntnap2/Gpr37/Chd7/Inpp5f/Kcnj10/Cntn2/Abat/Kcnd2/Hipk2/Arrdc3",21,"yellow"
"GO:0001666","response to hypoxia",0.0302571860816944,0.00749635593808565,1.50547954923885e-07,1.97950216406676e-05,1.33972689331981e-05,"Npepps/Sirt2/Nfe2l2/Vegfa/Epas1/P4hb/Slc2a8/Notch1/Rwdd3/Ddah1/Cryab/Drd2/Pygm/Acaa2/Tacc3/Adora1/Birc2/Abat/Kcnd2/Plekhn1",20,"yellow"
"GO:0030258","lipid modification",0.0302571860816944,0.00749635593808565,1.50547954923885e-07,1.97950216406676e-05,1.33972689331981e-05,"Ephx2/Apod/Acat2/Pla2g7/Hsd17b4/Inpp5a/Acadl/Abca2/Abcd3/Gba2/Adipor2/Mtmr2/Etfa/Sgpp2/Fa2h/B3galt1/Acaa2/Scd1/Inpp5f/Plpp2",20,"yellow"
"GO:0036293","response to decreased oxygen levels",0.0302571860816944,0.00843340043034636,9.90746125813436e-07,7.64531390886544e-05,5.17434779183883e-05,"Npepps/Sirt2/Nfe2l2/Vegfa/Epas1/P4hb/Slc2a8/Notch1/Rwdd3/Ddah1/Cryab/Drd2/Pygm/Acaa2/Tacc3/Adora1/Birc2/Abat/Kcnd2/Plekhn1",20,"yellow"
"GO:0001505","regulation of neurotransmitter levels",0.0302571860816944,0.00881515929756368,1.96950129328393e-06,0.000116849070632028,7.90834408907848e-05,"Atp1a2/Adora2b/Psen1/Chat/Maoa/Itgb1/Aldh9a1/Gad2/P2ry1/Ppt1/Gpm6b/Drd2/Aldh5a1/Lrrk2/Kcnj10/Htr1b/Abat/Unc13c/Grm4/Rap1a",20,"yellow"
"GO:0015850","organic hydroxy compound transport",0.0302571860816944,0.0088498646491289,2.09212517312332e-06,0.000118351034502848,8.00999699085649e-05,"Abca1/Stard3/Adora2b/Acat2/Npc1/Oprk1/Pip4k2a/Abca2/P2ry1/Abcd3/Spp1/Gpm6b/Drd2/Abca8a/Ptpn11/Htr1b/Abat/Nr1h2/Syt11/Pcp4",20,"yellow"
"GO:1901605","alpha-amino acid metabolic process",0.0287443267776097,0.00638578468799889,5.47719611436106e-08,9.13584758000843e-06,6.18314085146674e-06,"Adssl1/Qdpr/Pipox/Adi1/Aldh6a1/Glud1/Gart/Psat1/Asrgl1/Adhfe1/Glul/Gad2/Ddah1/Nos3/Fah/Aldh5a1/Kyat1/Gls2/Cyp2d22",19,"yellow"
"GO:0051648","vesicle localization",0.0287443267776097,0.00662872214895537,9.94870698751421e-08,1.42354292630167e-05,9.63453729317166e-06,"Stk11/Kif5b/Stard3/Psen1/Kif1c/Ap3m1/Nde1/Tcf7l2/Trak2/Tmem230/Fgfr2/Myo1d/Lrrk2/Bloc1s5/Picalm/Wipi1/Syt11/Kif5a/Syndig1",19,"yellow"
"GO:0010721","negative regulation of cell development",0.0287443267776097,0.00714930242243354,3.25970960768111e-07,3.53030834986296e-05,2.38931238564859e-05,"Coro1c/Sirt2/Cers2/Psen1/Ednrb/Vegfa/Tjp2/Trak2/Grb14/Notch1/Ryk/Sox10/Spg20/Mag/Ctnna1/Abcc8/Nkx6-2/Mbp/Rgma",19,"yellow"
"GO:0003018","vascular process in circulatory system",0.0287443267776097,0.00815575761782467,2.3955511519628e-06,0.000130947824205607,8.86254760891739e-05,"Scpep1/Atp1a2/Adora2b/Ednrb/Vegfa/Tjp2/Ext2/P2ry1/Ddah1/Slc2a1/Nos3/G6pdx/Bbs2/Abcc8/Abcb1a/Adora1/Htr1b/Ptp4a3/Htr1d",19,"yellow"
"GO:0006813","potassium ion transport",0.0287443267776097,0.00843340043034636,3.91580852331181e-06,0.000192221012828109,0.000130095164845854,"Cdkn1b/Kif5b/Atp1a2/Hcn2/Slc12a2/Itgb1/Oprk1/Abcb8/Nos3/Drd2/Atp1b3/Dnm2/Oxsr1/Neto2/Abcc8/Atp1b2/Adora1/Kcnj10/Kcnd2",19,"yellow"
"GO:0030534","adult behavior",0.027231467473525,0.00655931144582495,4.12653858665296e-07,3.9363941615817e-05,2.66415122787419e-05,"Cnp/Atp1a2/Pmp22/Chat/Npc1/Oprk1/Ppt1/Aldh2/Bbs2/Drd2/Zic1/Cntnap2/Chd7/Inpp5f/Kcnj10/Cntn2/Abat/Hipk2",18,"yellow"
"GO:0014013","regulation of gliogenesis",0.0257186081694402,0.00447699035191227,7.18276416261528e-09,2.27321311867175e-06,1.53851044197658e-06,"Ppp1cc/Sirt2/Cers2/Aspa/Il6st/Enpp2/Serpine2/Notch1/Ezh2/Trf/Sox10/Mag/Abcc8/Nkx6-2/Gjc2/Zcchc24/Qk",17,"yellow"
"GO:0055067","monovalent inorganic cation homeostasis",0.0257186081694402,0.00583049906295551,3.64882874786754e-07,3.65606040618494e-05,2.47442136648379e-05,"Atp1a2/Sgk1/Ednrb/Cln5/Slc12a2/Ext2/Car2/Ppt1/Spp1/Drd2/Atp1b3/Lrrk2/Clic4/Atp1b2/Adora1/Kcnj10/Slc4a4",17,"yellow"
"GO:0051650","establishment of vesicle localization",0.0257186081694402,0.00596932046921635,5.10281336767113e-07,4.59725685809631e-05,3.1114230436794e-05,"Stk11/Kif5b/Stard3/Psen1/Kif1c/Ap3m1/Nde1/Trak2/Tmem230/Fgfr2/Myo1d/Lrrk2/Bloc1s5/Picalm/Wipi1/Syt11/Kif5a",17,"yellow"
"GO:0001659","temperature homeostasis",0.0257186081694402,0.00652460609425974,1.77208996291192e-06,0.00011047886893601,7.47720889342431e-05,"Stk11/Ednrb/Hsf1/Vegfa/Epas1/Acadl/Notch1/Gatm/Adipor2/Drd2/Scd1/Plcl1/Plcl2/Adora1/Abat/Nr1h2/Arrdc3",17,"yellow"
"GO:0031644","regulation of nervous system process",0.0257186081694402,0.006732838203651,2.72645308142995e-06,0.000147379936012852,9.97467279381625e-05,"Ngfr/Tppp/Ednrb/Pard3/Oprk1/Nos3/Mtmr2/Trf/Sox10/Myrf/Lrrk2/Mag/Cntnap2/Adora1/Kcnj10/Jam2/Abat",17,"yellow"
"GO:0016482","cytosolic transport",0.0242057488653555,0.00558756160199903,1.02147051197586e-06,7.64531390886544e-05,5.17434779183883e-05,"Kif5b/Kif1c/Rhobtb3/Cln5/Tbc1d5/Washc2/Stx6/Pip4k2a/Mtmr2/Rdx/Dennd5a/Lrrk2/Sh3glb1/Wipi1/Arfip1/Kif5a",16,"yellow"
"GO:0010977","negative regulation of neuron projection development",0.0242057488653555,0.00562226695356424,1.10971513718267e-06,7.9393590329319e-05,5.3733575063582e-05,"Ngfr/Cers2/Ctsz/Pmp22/Psen1/Trak2/Ryk/Dennd5a/Lrrk2/Spg20/Mag/Lpar1/Mbp/Inpp5f/H2-K1/Rgma",16,"yellow"
"GO:0048259","regulation of receptor-mediated endocytosis",0.0226928895612708,0.00437287429721663,2.14923475134387e-07,2.61400676632199e-05,1.76915955321148e-05,"Hip1r/Sirt2/Tbc1d5/Vegfa/Pard3/Abca2/Ppt1/Mtmr2/Drd2/Trf/Dnm2/Bmp2k/Picalm/Gsg1l/Syt11",15,"yellow"
"GO:0008360","regulation of cell shape",0.0226928895612708,0.00544874019573818,3.61666066162942e-06,0.000181392310503372,0.000122766300049667,"Gna12/Rhobtb3/Vegfa/Ermn/P2ry1/Epb41/Myh14/Parva/Plxnb3/Rdx/Lpar1/Strip2/Sh3kbp1/Cdc42ep1/Rhog",15,"yellow"
"GO:0008643","carbohydrate transport",0.0226928895612708,0.00548344554730339,3.91280866679782e-06,0.000192221012828109,0.000130095164845854,"Nfe2l2/Erbb3/Slc2a8/Ak1/Tmem144/Slc2a1/Klf15/Adipor2/Slc35a4/Abcb1a/Ptpn11/Pls1/Repin1/Gpc3/Rap1a",15,"yellow"
"GO:0014003","oligodendrocyte development",0.0211800302571861,0.00166585687513015,2.29256105214156e-12,1.39416368983359e-09,9.43569864618264e-10,"Tppp/Tcf7l2/Abca2/Mal/Plp1/Sox10/Fa2h/Myrf/Mag/Cntnap2/Nkx6-2/Kcnj10/Olig1/Cntn2",14,"yellow"
"GO:0009063","cellular amino acid catabolic process",0.0211800302571861,0.00329700839869508,3.6031829687961e-08,7.30395214299709e-06,4.94331417824307e-06,"Qdpr/Pipox/Aldh6a1/Glud1/Asrgl1/Adhfe1/Gad2/Ddah1/Nos3/Fah/Etfa/Aldh5a1/Gls2/Abat",14,"yellow"
"GO:0031109","microtubule polymerization or depolymerization",0.0211800302571861,0.00444228500034705,1.53137947040846e-06,0.00010205700169229,6.90721699125836e-05,"Cdkn1b/Mid1ip1/Sgk1/Tppp/Nde1/Gba2/Cryab/Rangrf/Gas2l1/Slc39a12/Tbcd/Cdk5rap2/Slain1/Tubb4a",14,"yellow"
"GO:0045807","positive regulation of endocytosis",0.0211800302571861,0.00444228500034705,1.53137947040846e-06,0.00010205700169229,6.90721699125836e-05,"Hip1r/Tbc1d5/Vegfa/Cd151/Itgb1/Pard3/Ppt1/Drd2/Trf/Dnm2/Lrrk2/Picalm/Gpc3/Rab31",14,"yellow"
"GO:0031623","receptor internalization",0.0211800302571861,0.00475463316443396,3.45113776989028e-06,0.000178614736707619,0.000120886438345093,"Sirt2/Tbc1d5/Vegfa/Itgb1/Pard3/Cd9/Mtmr2/Drd2/Dnm2/Picalm/Gsg1l/Htr1b/Cntn2/Rab31",14,"yellow"
"GO:0043648","dicarboxylic acid metabolic process",0.0196671709531014,0.00298466023460818,8.12378447029405e-08,1.27491004670905e-05,8.62859009272658e-06,"Cs/Adssl1/Ogdh/Glud1/Ogdhl/Pcx/Adhfe1/Glul/Gad2/Aldh1l1/Me1/Aldh5a1/Gls2",13,"yellow"
"GO:0002028","regulation of sodium ion transport",0.0196671709531014,0.0033664191018255,3.45444834384689e-07,3.57572153038619e-05,2.42004802229632e-05,"Kif5b/Atp1a2/Sgk1/Serpine2/Nos3/Drd2/Atp1b3/Rangrf/Dnm2/Neto2/Atp1b2/Scn4b/Plcb1",13,"yellow"
"GO:0008344","adult locomotory behavior",0.0196671709531014,0.00385229402373846,1.66031980372756e-06,0.000106282313751771,7.19318607487507e-05,"Cnp/Atp1a2/Pmp22/Chat/Npc1/Ppt1/Drd2/Zic1/Chd7/Inpp5f/Kcnj10/Cntn2/Hipk2",13,"yellow"
"GO:0031641","regulation of myelination",0.0181543116490166,0.00211702644547789,1.20060936407868e-08,3.43586150367221e-06,2.32539076832081e-06,"Ngfr/Sirt2/Tppp/Tcf7l2/Pard3/Mtmr2/Trf/Sox10/Myrf/Mag/Nkx6-2/Jam2",12,"yellow"
"GO:0007422","peripheral nervous system development",0.0181543116490166,0.00260290136739085,1.34377262821856e-07,1.8678439532238e-05,1.26415662588501e-05,"Hapln2/Ndrg1/Sirt2/Erbb3/Pmp22/Itgb4/Ednrb/Pard3/Sox10/Fa2h/Isl1/Arhgef10",12,"yellow"
"GO:0014015","positive regulation of gliogenesis",0.0181543116490166,0.00284583882834733,3.68236299903519e-07,3.65606040618494e-05,2.47442136648379e-05,"Ppp1cc/Aspa/Il6st/Enpp2/Serpine2/Notch1/Trf/Sox10/Mag/Nkx6-2/Gjc2/Qk",12,"yellow"
"GO:0045685","regulation of glial cell differentiation",0.0181543116490166,0.00329700839869508,1.85275547129717e-06,0.000112670692098259,7.62555146607571e-05,"Sirt2/Aspa/Il6st/Enpp2/Tcf7l2/Serpine2/Notch1/Mag/Nkx6-2/Opalin/Cntn2/Qk",12,"yellow"
"GO:0007044","cell-substrate junction assembly",0.0181543116490166,0.00333171375026029,2.07379444752629e-06,0.000118351034502848,8.00999699085649e-05,"Acvrl1/Coro1c/Itgb4/Enpp2/Apod/Vegfa/Map4k4/Gpm6b/Tesk2/Ptpn11/Tns1/Bcas3",12,"yellow"
"GO:0150115","cell-substrate junction organization",0.0181543116490166,0.00353994585965156,3.95846893350517e-06,0.000192221012828109,0.000130095164845854,"Acvrl1/Coro1c/Itgb4/Enpp2/Apod/Vegfa/Map4k4/Gpm6b/Tesk2/Ptpn11/Tns1/Bcas3",12,"yellow"
"GO:0022010","central nervous system myelination",0.0166414523449319,0.00100645519539113,2.02710306078528e-11,9.86185639072041e-09,6.67450355172249e-09,"Abca2/Mal/Plp1/Sox10/Fa2h/Myrf/Mag/Cntnap2/Nkx6-2/Kcnj10/Cntn2",11,"yellow"
"GO:0032291","axon ensheathment in central nervous system",0.0166414523449319,0.00100645519539113,2.02710306078528e-11,9.86185639072041e-09,6.67450355172249e-09,"Abca2/Mal/Plp1/Sox10/Fa2h/Myrf/Mag/Cntnap2/Nkx6-2/Kcnj10/Cntn2",11,"yellow"
"GO:0007405","neuroblast proliferation",0.0166414523449319,0.00249878531269522,7.23986115394081e-07,5.99953831051352e-05,4.06048700931169e-05,"Nde1/Vegfa/Notch1/Lef1/Fgfr2/Drd2/Sox10/Lrrk2/Ctnna1/Six3/Hhip",11,"yellow"
"GO:1901606","alpha-amino acid catabolic process",0.0166414523449319,0.00270701742208649,1.64545510209402e-06,0.000106282313751771,7.19318607487507e-05,"Qdpr/Pipox/Aldh6a1/Glud1/Asrgl1/Adhfe1/Gad2/Ddah1/Nos3/Fah/Gls2",11,"yellow"
"GO:0090659","walking behavior",0.0151285930408472,0.00173526757826057,1.69448044636357e-07,2.16938088725231e-05,1.4682367967383e-05,"Pmp22/Chat/Npc1/Drd2/Zic1/Cntnap2/Chd7/Kcnj10/Cntn2/Hipk2",10,"yellow"
"GO:0055078","sodium ion homeostasis",0.0151285930408472,0.00208232109391268,1.01198792873522e-06,7.64531390886544e-05,5.17434779183883e-05,"Atp1a2/Sgk1/Ednrb/Slc12a2/Ext2/Spp1/Drd2/Atp1b3/Atp1b2/Adora1",10,"yellow"
"GO:0009064","glutamine family amino acid metabolic process",0.0151285930408472,0.00218643714860832,1.61271948411184e-06,0.000106025409327082,7.17579878563561e-05,"Glud1/Asrgl1/Adhfe1/Glul/Gad2/Ddah1/Nos3/Fah/Aldh5a1/Gls2",10,"yellow"
"GO:0007628","adult walking behavior",0.0136157337367625,0.00163115152356493,1.04249577520539e-06,7.6684152550987e-05,5.18998278097014e-05,"Pmp22/Chat/Npc1/Drd2/Zic1/Chd7/Kcnj10/Cntn2/Hipk2",9,"yellow"
"GO:0010828","positive regulation of glucose transmembrane transport",0.0136157337367625,0.0018393836329562,2.99946316185086e-06,0.000156907400886069,0.000106194915339779,"Nfe2l2/Erbb3/Ak1/Klf15/Adipor2/Ptpn11/Repin1/Gpc3/Rap1a",9,"yellow"
"GO:0009065","glutamine family amino acid catabolic process",0.0121028744326778,0.000798223085999861,2.65963160671764e-08,5.88141262121877e-06,3.98053955302046e-06,"Glud1/Asrgl1/Adhfe1/Gad2/Ddah1/Nos3/Fah/Gls2",8,"yellow"
"GO:0032288","myelin assembly",0.0121028744326778,0.000867633789130284,5.63361618500006e-08,9.13584758000843e-06,6.18314085146674e-06,"Pmp22/Itgb4/Tppp/Abca2/Cd9/Mtmr2/Ugt8a/Mag",8,"yellow"
"GO:0032228","regulation of synaptic transmission, GABAergic",0.0121028744326778,0.00142291941417367,3.60027380311215e-06,0.000181392310503372,0.000122766300049667,"Kif5b/Car2/Drd2/Plcl1/Plcl2/Cntnap2/Adora1/Htr1b",8,"yellow"
"GO:0031643","positive regulation of myelination",0.010590015128593,0.000832928437565073,7.98144249796032e-07,6.47161962542949e-05,4.37999160238945e-05,"Ngfr/Tppp/Pard3/Trf/Sox10/Myrf/Mag",7,"yellow"
"GO:0035633","maintenance of blood-brain barrier",0.00907715582450832,0.000624696328173804,2.09052581417781e-06,0.000118351034502848,8.00999699085649e-05,"Vegfa/Slc12a2/Tjp2/Abcc8/Abcb1a/Mbp",6,"yellow"
